Workbook

Sheet Strategy
A1: https://wizardofodds.com/video/blackjack-basic-strategy/ | L1: 8 decks
A2: Hard | B2: 2 | C2: 3 | D2: 4 | E2: 5 | F2: 6 | G2: 7 | H2: 8 | I2: 9 | J2: 10 | K2: Ace
A3: 4 | B3: H | C3: H | D3: H | E3: H | F3: H | G3: H | H3: H | I3: H | J3: H | K3: H
A4: 5 | B4: H | C4: H | D4: H | E4: H | F4: H | G4: H | H4: H | I4: H | J4: H | K4: H
A5: 6 | B5: H | C5: H | D5: H | E5: H | F5: H | G5: H | H5: H | I5: H | J5: H | K5: H
A6: 7 | B6: H | C6: H | D6: H | E6: H | F6: H | G6: H | H6: H | I6: H | J6: H | K6: H
A7: 8 | B7: H | C7: H | D7: H | E7: H | F7: H | G7: H | H7: H | I7: H | J7: H | K7: H
A8: 9 | B8: H | C8: D | D8: D | E8: D | F8: D | G8: H | H8: H | I8: H | J8: H | K8: H
A9: 10 | B9: D | C9: D | D9: D | E9: D | F9: D | G9: D | H9: D | I9: D | J9: H | K9: H
A10: 11 | B10: D | C10: D | D10: D | E10: D | F10: D | G10: D | H10: D | I10: D | J10: D | K10: D
A11: 12 | B11: H | C11: H | D11: H | E11: S | F11: H | G11: H | H11: H | I11: H | J11: H | K11: H
A12: 13 | B12: H | C12: S | D12: S | E12: S | F12: S | G12: H | H12: H | I12: H | J12: H | K12: H
A13: 14 | B13: S | C13: S | D13: S | E13: S | F13: S | G13: H | H13: H | I13: H | J13: H | K13: H
A14: 15 | B14: S | C14: S | D14: S | E14: S | F14: S | G14: H | H14: H | I14: H | J14: H | K14: H
... A20: 21 | B20: S | C20: S | D20: S | E20: S | F20: S | G20: S | H20: S | I20: S | J20: S | K20: S
A22: Soft | B22: 2 | C22: 3 | D22: 4 | E22: 5 | F22: 6 | G22: 7 | H22: 8 | I22: 9 | J22: 10 | K22: Ace
A23: 12 | B23: H | C23: H | D23: H | E23: D | F23: D | G23: H | H23: H | I23: H | J23: H | K23: H
A24: 13 | B24: H | C24: H | D24: H | E24: D | F24: D | G24: H | H24: H | I24: H | J24: H | K24: H
A25: 14 | B25: H | C25: H | D25: H | E25: D | F25: D | G25: H | H25: H | I25: H | J25: H | K25: H
A26: 15 | B26: H | C26: H | D26: H | E26: D | F26: D | G26: H | H26: H | I26: H | J26: H | K26: H
A27: 16 | B27: H | C27: H | D27: D | E27: D | F27: D | G27: H | H27: H | I27: H | J27: H | K27: H
A28: 17 | B28: D | C28: D | D28: D | E28: D | F28: D | G28: H | H28: H | I28: H | J28: H | K28: H
A29: 18 | B29: S | C29: DS | D29: DS | E29: DS | F29: DS | G29: S | H29: S | I29: H | J29: H | K29: H
A30: 19 | B30: S | C30: S | D30: S | E30: S | F30: DS | G30: S | H30: S | I30: S | J30: S | K30: S
A31: 20 | B31: S | C31: S | D31: S | E31: S | F31: S | G31: S | H31: S | I31: S | J31: S | K31: S
A32: 21 | B32: S | C32: S | D32: S | E32: S | F32: S | G32: S | H32: S | I32: S | J32: S | K32: S
A34: Pair | B34: 2 | C34: 3 | D34: 4 | E34: 5 | F34: 6 | G34: 7 | H34: 8 | I34: 9 | J34: 10 | K34: Ace
A35: 2 | B35: Y | C35: Y | D35: Y | E35: Y | F35: Y | G35: Y | H35: N | I35: N | J35: N | K35: N
A36: 3 | B36: Y | C36: Y | D36: Y | E36: Y | F36: Y | G36: Y | H36: N | I36: N | J36: N | K36: N
A37: 4 | B37: N | C37: N | D37: N | E37: Y | F37: Y | G37: N | H37: N | I37: N | J37: N | K37: N
A38: 5 | B38: N | C38: N | D38: N | E38: N | F38: N | G38: N | H38: N | I38: N | J38: N | K38: N
A39: 6 | B39: Y | C39: Y | D39: Y | E39: Y | F39: Y | G39: N | H39: N | I39: N | J39: N | K39: N
A40: 7 | B40: Y | C40: Y | D40: Y | E40: Y | F40: Y | G40: Y | H40: N | I40: N | J40: N | K40: N
A41: 8 | B41: Y | C41: Y | D41: Y | E41: Y | F41: Y | G41: Y | H41: Y | I41: Y | J41: Y | K41: Y
A42: 9 | B42: Y | C42: Y | D42: Y | E42: Y | F42: Y | G42: N | H42: Y | I42: Y | J42: N | K42: N
A43: 10 | B43: N | C43: N | D43: N | E43: N | F43: N | G43: N | H43: N | I43: N | J43: N | K43: N
A44: Ace | B44: Y | C44: Y | D44: Y | E44: Y | F44: Y | G44: Y | H44: Y | I44: Y | J44: Y | K44: Y

Sheet Dealer
A1: Outcome | B1: 2 | C1: 3 | D1: 4 | E1: 5 | F1: 6 | G1: 7 | H1: 8 | I1: 9 | J1: 10 | K1: Ace
A2: Bust | B2: =B11 | C2: =C11 | D2: =D11 | E2: =E11 | F2: =F11 | G2: =G11 | H2: =H11 | I2: =I11 | J2: =(SUM(L11:S11)+4*T11)/12 | K2: =(SUM(AG11:AO11)/9)
A3: 17 | B3: =B12 | C3: =C12 | D3: =D12 | E3: =E12 | F3: =F12 | G3: =G12 | H3: =H12 | I3: =I12 | J3: =(SUM(L12:S12)+4*T12)/12 | K3: =(SUM(AG12:AO12)/9)
A4: 18 | B4: =B13 | C4: =C13 | D4: =D13 | E4: =E13 | F4: =F13 | G4: =G13 | H4: =H13 | I4: =I13 | J4: =(SUM(L13:S13)+4*T13)/12 | K4: =(SUM(AG13:AO13)/9)
A5: 19 | B5: =B14 | C5: =C14 | D5: =D14 | E5: =E14 | F5: =F14 | G5: =G14 | H5: =H14 | I5: =I14 | J5: =(SUM(L14:S14)+4*T14)/12 | K5: =(SUM(AG14:AO14)/9)
A6: 20 | B6: =B15 | C6: =C15 | D6: =D15 | E6: =E15 | F6: =F15 | G6: =G15 | H6: =H15 | I6: =I15 | J6: =(SUM(L15:S15)+4*T15)/12 | K6: =(SUM(AG15:AO15)/9)
A7: 21 | B7: =B16 | C7: =C16 | D7: =D16 | E7: =E16 | F7: =F16 | G7: =G16 | H7: =H16 | I7: =I16 | J7: =(SUM(L16:S16)+4*T16)/12 | K7: =(SUM(AG16:AO16)/9)
A8: TOTAL | B8: =SUM(B2:B7) | C8: =SUM(C2:C7) | D8: =SUM(D2:D7) | E8: =SUM(E2:E7) | F8: =SUM(F2:F7) | G8: =SUM(G2:G7) | H8: =SUM(H2:H7) | I8: =SUM(I2:I7) | ... K8: =SUM(K2:K7) | AG8: Soft
A10: Outcome | B10: 2 | C10: 3 | D10: 4 | E10: 5 | F10: 6 | G10: 7 | H10: 8 | I10: 9 | J10: 10 | K10: 11 | L10: 12 | M10: 13 | N10: 14 | O10: 15 | P10: 16 | Q10: 17 | R10: 18 | S10: 19 | T10: 20 | U10: 21 | V10: 22 | W10: 23 | X10: 24 | Y10: 25 | Z10: 26 | AA10: 27 | AB10: 28 | AC10: 29 | AD10: 30 | AE10: 31 | AG10: 12 | AH10: 13 | AI10: 14 | AJ10: 15 | AK10: 16 | AL10: 17 | AM10: 18 | AN10: 19 | AO10: 20 | AP10: 21 | AQ10: 22 | AR10: 23 | AS10: 24 | AT10: 25 | AU10: 26 | AV10: 27 | AW10: 28 | AX10: 29 | AY10: 30 | AZ10: 31
A11: Bust | B11: =(SUM(D11:K11)+4*L11+AH11)/13 | C11: =(SUM(E11:L11)+4*M11+AI11)/13 | D11: =(SUM(F11:M11)+4*N11+AJ11)/13 | E11: =(SUM(G11:N11)+4*O11+AK11)/13 | F11: =(SUM(H11:O11)+4*P11+AL11)/13 | G11: =(SUM(I11:P11)+4*Q11+AM11)/13 | H11: =(SUM(J11:Q11)+4*R11+AN11)/13 | I11: =(SUM(K11:R11)+4*S11+AO11)/13 | ... P11: =(SUM(R11:Y11)+4*Z11+AV11)/13 | V11: 1 | W11: 1 | X11: 1 | Y11: 1 | Z11: 1 | AA11: 1 | AB11: 1 | AC11: 1 | AD11: 1 | AE11: 1 | AG11: =(SUM(AH11:AP11)+4*AQ11)/13 | AH11: =(SUM(AI11:AQ11)+4*AR11)/13 | AI11: =(SUM(AJ11:AR11)+4*AS11)/13 | AJ11: =(SUM(AK11:AS11)+4*AT11)/13 | AK11: =(SUM(AL11:AT11)+4*AU11)/13 | AQ11: =L11 | AR11: =M11 | AS11: =N11 | AT11: =O11 | AU11: =P11 | AV11: =Q11 | AW11: =R11 | AX11: =S11 | ... AZ11: =U11
A12: 17 | B12: =(SUM(D12:K12)+4*L12+AH12)/13 | C12: =(SUM(E12:L12)+4*M12+AI12)/13 | D12: =(SUM(F12:M12)+4*N12+AJ12)/13 | E12: =(SUM(G12:N12)+4*O12+AK12)/13 | F12: =(SUM(H12:O12)+4*P12+AL12)/13 | G12: =(SUM(I12:P12)+4*Q12+AM12)/13 | H12: =(SUM(J12:Q12)+4*R12+AN12)/13 | I12: =(SUM(K12:R12)+4*S12+AO12)/13 | ... P12: =(SUM(R12:Y12)+4*Z12+AV12)/13 | Q12: 1 | AG12: =(SUM(AH12:AP12)+4*AQ12)/13 | AH12: =(SUM(AI12:AQ12)+4*AR12)/13 | AI12: =(SUM(AJ12:AR12)+4*AS12)/13 | AJ12: =(SUM(AK12:AS12)+4*AT12)/13 | AK12: =(SUM(AL12:AT12)+4*AU12)/13 | AL12: 1 | AQ12: =L12 | AR12: =M12 | AS12: =N12 | AT12: =O12 | AU12: =P12 | AV12: =Q12 | AW12: =R12 | AX12: =S12 | ... AZ12: =U12
A13: 18 | B13: =(SUM(D13:K13)+4*L13+AH13)/13 | C13: =(SUM(E13:L13)+4*M13+AI13)/13 | D13: =(SUM(F13:M13)+4*N13+AJ13)/13 | E13: =(SUM(G13:N13)+4*O13+AK13)/13 | F13: =(SUM(H13:O13)+4*P13+AL13)/13 | G13: =(SUM(I13:P13)+4*Q13+AM13)/13 | H13: =(SUM(J13:Q13)+4*R13+AN13)/13 | I13: =(SUM(K13:R13)+4*S13+AO13)/13 | ... P13: =(SUM(R13:Y13)+4*Z13+AV13)/13 | R13: 1 | AG13: =(SUM(AH13:AP13)+4*AQ13)/13 | AH13: =(SUM(AI13:AQ13)+4*AR13)/13 | AI13: =(SUM(AJ13:AR13)+4*AS13)/13 | AJ13: =(SUM(AK13:AS13)+4*AT13)/13 | AK13: =(SUM(AL13:AT13)+4*AU13)/13 | AM13: 1 | AQ13: =L13 | AR13: =M13 | AS13: =N13 | AT13: =O13 | AU13: =P13 | AV13: =Q13 | AW13: =R13 | AX13: =S13 | ... AZ13: =U13
A14: 19 | B14: =(SUM(D14:K14)+4*L14+AH14)/13 | C14: =(SUM(E14:L14)+4*M14+AI14)/13 | D14: =(SUM(F14:M14)+4*N14+AJ14)/13 | E14: =(SUM(G14:N14)+4*O14+AK14)/13 | F14: =(SUM(H14:O14)+4*P14+AL14)/13 | G14: =(SUM(I14:P14)+4*Q14+AM14)/13 | H14: =(SUM(J14:Q14)+4*R14+AN14)/13 | I14: =(SUM(K14:R14)+4*S14+AO14)/13 | ... P14: =(SUM(R14:Y14)+4*Z14+AV14)/13 | S14: 1 | AG14: =(SUM(AH14:AP14)+4*AQ14)/13 | AH14: =(SUM(AI14:AQ14)+4*AR14)/13 | AI14: =(SUM(AJ14:AR14)+4*AS14)/13 | AJ14: =(SUM(AK14:AS14)+4*AT14)/13 | AK14: =(SUM(AL14:AT14)+4*AU14)/13 | AN14: 1 | AQ14: =L14 | AR14: =M14 | AS14: =N14 | AT14: =O14 | AU14: =P14 | AV14: =Q14 | AW14: =R14 | AX14: =S14 | ... AZ14: =U14
A15: 20 | B15: =(SUM(D15:K15)+4*L15+AH15)/13 | C15: =(SUM(E15:L15)+4*M15+AI15)/13 | D15: =(SUM(F15:M15)+4*N15+AJ15)/13 | E15: =(SUM(G15:N15)+4*O15+AK15)/13 | F15: =(SUM(H15:O15)+4*P15+AL15)/13 | G15: =(SUM(I15:P15)+4*Q15+AM15)/13 | H15: =(SUM(J15:Q15)+4*R15+AN15)/13 | I15: =(SUM(K15:R15)+4*S15+AO15)/13 | ... P15: =(SUM(R15:Y15)+4*Z15+AV15)/13 | T15: 1 | AG15: =(SUM(AH15:AP15)+4*AQ15)/13 | AH15: =(SUM(AI15:AQ15)+4*AR15)/13 | AI15: =(SUM(AJ15:AR15)+4*AS15)/13 | AJ15: =(SUM(AK15:AS15)+4*AT15)/13 | AK15: =(SUM(AL15:AT15)+4*AU15)/13 | AO15: 1 | AQ15: =L15 | AR15: =M15 | AS15: =N15 | AT15: =O15 | AU15: =P15 | AV15: =Q15 | AW15: =R15 | AX15: =S15 | ... AZ15: =U15
A16: 21 | B16: =(SUM(D16:K16)+4*L16+AH16)/13 | C16: =(SUM(E16:L16)+4*M16+AI16)/13 | D16: =(SUM(F16:M16)+4*N16+AJ16)/13 | E16: =(SUM(G16:N16)+4*O16+AK16)/13 | F16: =(SUM(H16:O16)+4*P16+AL16)/13 | G16: =(SUM(I16:P16)+4*Q16+AM16)/13 | H16: =(SUM(J16:Q16)+4*R16+AN16)/13 | I16: =(SUM(K16:R16)+4*S16+AO16)/13 | ... P16: =(SUM(R16:Y16)+4*Z16+AV16)/13 | U16: 1 | AG16: =(SUM(AH16:AP16)+4*AQ16)/13 | AH16: =(SUM(AI16:AQ16)+4*AR16)/13 | AI16: =(SUM(AJ16:AR16)+4*AS16)/13 | AJ16: =(SUM(AK16:AS16)+4*AT16)/13 | AK16: =(SUM(AL16:AT16)+4*AU16)/13 | AP16: 1 | AQ16: =L16 | AR16: =M16 | AS16: =N16 | AT16: =O16 | AU16: =P16 | AV16: =Q16 | AW16: =R16 | AX16: =S16 | ... AZ16: =U16
A17: TOTAL | B17: =SUM(B11:B16) | C17: =SUM(C11:C16) | D17: =SUM(D11:D16) | E17: =SUM(E11:E16) | F17: =SUM(F11:F16) | G17: =SUM(G11:G16) | H17: =SUM(H11:H16) | I17: =SUM(I11:I16) | ... AZ17: =SUM(AZ11:AZ16)

Sheet Hit
A1: Hard | B1: 2 | C1: 3 | D1: 4 | E1: 5 | F1: 6 | G1: 7 | H1: 8 | I1: 9 | J1: 10 | K1: Ace
A2: 4 | B2: =(SUM(HS!B4:B11)+4*HS!B12+HS!B35)/13 | C2: =(SUM(HS!C4:C11)+4*HS!C12+HS!C35)/13 | D2: =(SUM(HS!D4:D11)+4*HS!D12+HS!D35)/13 | E2: =(SUM(HS!E4:E11)+4*HS!E12+HS!E35)/13 | F2: =(SUM(HS!F4:F11)+4*HS!F12+HS!F35)/13 | G2: =(SUM(HS!G4:G11)+4*HS!G12+HS!G35)/13 | H2: =(SUM(HS!H4:H11)+4*HS!H12+HS!H35)/13 | I2: =(SUM(HS!I4:I11)+4*HS!I12+HS!I35)/13 | ... K2: =(SUM(HS!K4:K11)+4*HS!K12+HS!K35)/13
A3: 5 | B3: =(SUM(HS!B5:B12)+4*HS!B13+HS!B36)/13 | C3: =(SUM(HS!C5:C12)+4*HS!C13+HS!C36)/13 | D3: =(SUM(HS!D5:D12)+4*HS!D13+HS!D36)/13 | E3: =(SUM(HS!E5:E12)+4*HS!E13+HS!E36)/13 | F3: =(SUM(HS!F5:F12)+4*HS!F13+HS!F36)/13 | G3: =(SUM(HS!G5:G12)+4*HS!G13+HS!G36)/13 | H3: =(SUM(HS!H5:H12)+4*HS!H13+HS!H36)/13 | I3: =(SUM(HS!I5:I12)+4*HS!I13+HS!I36)/13 | ... K3: =(SUM(HS!K5:K12)+4*HS!K13+HS!K36)/13
A4: 6 | B4: =(SUM(HS!B6:B13)+4*HS!B14+HS!B37)/13 | C4: =(SUM(HS!C6:C13)+4*HS!C14+HS!C37)/13 | D4: =(SUM(HS!D6:D13)+4*HS!D14+HS!D37)/13 | E4: =(SUM(HS!E6:E13)+4*HS!E14+HS!E37)/13 | F4: =(SUM(HS!F6:F13)+4*HS!F14+HS!F37)/13 | G4: =(SUM(HS!G6:G13)+4*HS!G14+HS!G37)/13 | H4: =(SUM(HS!H6:H13)+4*HS!H14+HS!H37)/13 | I4: =(SUM(HS!I6:I13)+4*HS!I14+HS!I37)/13 | ... K4: =(SUM(HS!K6:K13)+4*HS!K14+HS!K37)/13
A5: 7 | B5: =(SUM(HS!B7:B14)+4*HS!B15+HS!B38)/13 | C5: =(SUM(HS!C7:C14)+4*HS!C15+HS!C38)/13 | D5: =(SUM(HS!D7:D14)+4*HS!D15+HS!D38)/13 | E5: =(SUM(HS!E7:E14)+4*HS!E15+HS!E38)/13 | F5: =(SUM(HS!F7:F14)+4*HS!F15+HS!F38)/13 | G5: =(SUM(HS!G7:G14)+4*HS!G15+HS!G38)/13 | H5: =(SUM(HS!H7:H14)+4*HS!H15+HS!H38)/13 | I5: =(SUM(HS!I7:I14)+4*HS!I15+HS!I38)/13 | ... K5: =(SUM(HS!K7:K14)+4*HS!K15+HS!K38)/13
A6: 8 | B6: =(SUM(HS!B8:B15)+4*HS!B16+HS!B39)/13 | C6: =(SUM(HS!C8:C15)+4*HS!C16+HS!C39)/13 | D6: =(SUM(HS!D8:D15)+4*HS!D16+HS!D39)/13 | E6: =(SUM(HS!E8:E15)+4*HS!E16+HS!E39)/13 | F6: =(SUM(HS!F8:F15)+4*HS!F16+HS!F39)/13 | G6: =(SUM(HS!G8:G15)+4*HS!G16+HS!G39)/13 | H6: =(SUM(HS!H8:H15)+4*HS!H16+HS!H39)/13 | I6: =(SUM(HS!I8:I15)+4*HS!I16+HS!I39)/13 | ... K6: =(SUM(HS!K8:K15)+4*HS!K16+HS!K39)/13
A7: 9 | B7: =(SUM(HS!B9:B16)+4*HS!B17+HS!B40)/13 | C7: =(SUM(HS!C9:C16)+4*HS!C17+HS!C40)/13 | D7: =(SUM(HS!D9:D16)+4*HS!D17+HS!D40)/13 | E7: =(SUM(HS!E9:E16)+4*HS!E17+HS!E40)/13 | F7: =(SUM(HS!F9:F16)+4*HS!F17+HS!F40)/13 | G7: =(SUM(HS!G9:G16)+4*HS!G17+HS!G40)/13 | H7: =(SUM(HS!H9:H16)+4*HS!H17+HS!H40)/13 | I7: =(SUM(HS!I9:I16)+4*HS!I17+HS!I40)/13 | ... K7: =(SUM(HS!K9:K16)+4*HS!K17+HS!K40)/13
A8: 10 | B8: =(SUM(HS!B10:B17)+4*HS!B18+HS!B41)/13 | C8: =(SUM(HS!C10:C17)+4*HS!C18+HS!C41)/13 | D8: =(SUM(HS!D10:D17)+4*HS!D18+HS!D41)/13 | E8: =(SUM(HS!E10:E17)+4*HS!E18+HS!E41)/13 | F8: =(SUM(HS!F10:F17)+4*HS!F18+HS!F41)/13 | G8: =(SUM(HS!G10:G17)+4*HS!G18+HS!G41)/13 | H8: =(SUM(HS!H10:H17)+4*HS!H18+HS!H41)/13 | I8: =(SUM(HS!I10:I17)+4*HS!I18+HS!I41)/13 | ... K8: =(SUM(HS!K10:K17)+4*HS!K18+HS!K41)/13
A9: 11 | B9: =(SUM(HS!B11:B18)+4*HS!B19+HS!B42)/13 | C9: =(SUM(HS!C11:C18)+4*HS!C19+HS!C42)/13 | D9: =(SUM(HS!D11:D18)+4*HS!D19+HS!D42)/13 | E9: =(SUM(HS!E11:E18)+4*HS!E19+HS!E42)/13 | F9: =(SUM(HS!F11:F18)+4*HS!F19+HS!F42)/13 | G9: =(SUM(HS!G11:G18)+4*HS!G19+HS!G42)/13 | H9: =(SUM(HS!H11:H18)+4*HS!H19+HS!H42)/13 | I9: =(SUM(HS!I11:I18)+4*HS!I19+HS!I42)/13 | ... K9: =(SUM(HS!K11:K18)+4*HS!K19+HS!K42)/13
A10: 12 | B10: =(SUM(HS!B12:B19)+4*HS!B20+HS!B43)/13 | C10: =(SUM(HS!C12:C19)+4*HS!C20+HS!C43)/13 | D10: =(SUM(HS!D12:D19)+4*HS!D20+HS!D43)/13 | E10: =(SUM(HS!E12:E19)+4*HS!E20+HS!E43)/13 | F10: =(SUM(HS!F12:F19)+4*HS!F20+HS!F43)/13 | G10: =(SUM(HS!G12:G19)+4*HS!G20+HS!G43)/13 | H10: =(SUM(HS!H12:H19)+4*HS!H20+HS!H43)/13 | I10: =(SUM(HS!I12:I19)+4*HS!I20+HS!I43)/13 | ... K10: =(SUM(HS!K12:K19)+4*HS!K20+HS!K43)/13
A11: 13 | B11: =(SUM(HS!B13:B20)+4*HS!B21+HS!B44)/13 | C11: =(SUM(HS!C13:C20)+4*HS!C21+HS!C44)/13 | D11: =(SUM(HS!D13:D20)+4*HS!D21+HS!D44)/13 | E11: =(SUM(HS!E13:E20)+4*HS!E21+HS!E44)/13 | F11: =(SUM(HS!F13:F20)+4*HS!F21+HS!F44)/13 | G11: =(SUM(HS!G13:G20)+4*HS!G21+HS!G44)/13 | H11: =(SUM(HS!H13:H20)+4*HS!H21+HS!H44)/13 | I11: =(SUM(HS!I13:I20)+4*HS!I21+HS!I44)/13 | ... K11: =(SUM(HS!K13:K20)+4*HS!K21+HS!K44)/13
A12: 14 | B12: =(SUM(HS!B14:B21)+4*HS!B22+HS!B45)/13 | C12: =(SUM(HS!C14:C21)+4*HS!C22+HS!C45)/13 | D12: =(SUM(HS!D14:D21)+4*HS!D22+HS!D45)/13 | E12: =(SUM(HS!E14:E21)+4*HS!E22+HS!E45)/13 | F12: =(SUM(HS!F14:F21)+4*HS!F22+HS!F45)/13 | G12: =(SUM(HS!G14:G21)+4*HS!G22+HS!G45)/13 | H12: =(SUM(HS!H14:H21)+4*HS!H22+HS!H45)/13 | I12: =(SUM(HS!I14:I21)+4*HS!I22+HS!I45)/13 | ... K12: =(SUM(HS!K14:K21)+4*HS!K22+HS!K45)/13
A13: 15 | B13: =(SUM(HS!B15:B22)+4*HS!B23+HS!B46)/13 | C13: =(SUM(HS!C15:C22)+4*HS!C23+HS!C46)/13 | D13: =(SUM(HS!D15:D22)+4*HS!D23+HS!D46)/13 | E13: =(SUM(HS!E15:E22)+4*HS!E23+HS!E46)/13 | F13: =(SUM(HS!F15:F22)+4*HS!F23+HS!F46)/13 | G13: =(SUM(HS!G15:G22)+4*HS!G23+HS!G46)/13 | H13: =(SUM(HS!H15:H22)+4*HS!H23+HS!H46)/13 | I13: =(SUM(HS!I15:I22)+4*HS!I23+HS!I46)/13 | ... K13: =(SUM(HS!K15:K22)+4*HS!K23+HS!K46)/13
... A18: 20 | B18: =(SUM(HS!B20:B27)+4*HS!B28+HS!B51)/13 | C18: =(SUM(HS!C20:C27)+4*HS!C28+HS!C51)/13 | D18: =(SUM(HS!D20:D27)+4*HS!D28+HS!D51)/13 | E18: =(SUM(HS!E20:E27)+4*HS!E28+HS!E51)/13 | F18: =(SUM(HS!F20:F27)+4*HS!F28+HS!F51)/13 | G18: =(SUM(HS!G20:G27)+4*HS!G28+HS!G51)/13 | H18: =(SUM(HS!H20:H27)+4*HS!H28+HS!H51)/13 | I18: =(SUM(HS!I20:I27)+4*HS!I28+HS!I51)/13 | ... K18: =(SUM(HS!K20:K27)+4*HS!K28+HS!K51)/13
A19: 21 | B19: -1 | C19: -1 | D19: -1 | E19: -1 | F19: -1 | G19: -1 | H19: -1 | I19: -1 | J19: -1 | K19: -1
A20: 22 | B20: -1 | C20: -1 | D20: -1 | E20: -1 | F20: -1 | G20: -1 | H20: -1 | I20: -1 | J20: -1 | K20: -1
A21: 23 | B21: -1 | C21: -1 | D21: -1 | E21: -1 | F21: -1 | G21: -1 | H21: -1 | I21: -1 | J21: -1 | K21: -1
A22: 24 | B22: -1 | C22: -1 | D22: -1 | E22: -1 | F22: -1 | G22: -1 | H22: -1 | I22: -1 | J22: -1 | K22: -1
A23: 25 | B23: -1 | C23: -1 | D23: -1 | E23: -1 | F23: -1 | G23: -1 | H23: -1 | I23: -1 | J23: -1 | K23: -1
A24: 26 | B24: -1 | C24: -1 | D24: -1 | E24: -1 | F24: -1 | G24: -1 | H24: -1 | I24: -1 | J24: -1 | K24: -1
A25: 27 | B25: -1 | C25: -1 | D25: -1 | E25: -1 | F25: -1 | G25: -1 | H25: -1 | I25: -1 | J25: -1 | K25: -1
A26: 28 | B26: -1 | C26: -1 | D26: -1 | E26: -1 | F26: -1 | G26: -1 | H26: -1 | I26: -1 | J26: -1 | K26: -1
A27: 29 | B27: -1 | C27: -1 | D27: -1 | E27: -1 | F27: -1 | G27: -1 | H27: -1 | I27: -1 | J27: -1 | K27: -1
A28: 30 | B28: -1 | C28: -1 | D28: -1 | E28: -1 | F28: -1 | G28: -1 | H28: -1 | I28: -1 | J28: -1 | K28: -1
A29: 31 | B29: -1 | C29: -1 | D29: -1 | E29: -1 | F29: -1 | G29: -1 | H29: -1 | I29: -1 | J29: -1 | K29: -1
A31: Soft
A32: 12 | B32: =(SUM(HS!B33:B41)+4*HS!B42)/13 | C32: =(SUM(HS!C33:C41)+4*HS!C42)/13 | D32: =(SUM(HS!D33:D41)+4*HS!D42)/13 | E32: =(SUM(HS!E33:E41)+4*HS!E42)/13 | F32: =(SUM(HS!F33:F41)+4*HS!F42)/13 | G32: =(SUM(HS!G33:G41)+4*HS!G42)/13 | H32: =(SUM(HS!H33:H41)+4*HS!H42)/13 | I32: =(SUM(HS!I33:I41)+4*HS!I42)/13 | ... K32: =(SUM(HS!K33:K41)+4*HS!K42)/13
A33: 13 | B33: =(SUM(HS!B34:B42)+4*HS!B43)/13 | C33: =(SUM(HS!C34:C42)+4*HS!C43)/13 | D33: =(SUM(HS!D34:D42)+4*HS!D43)/13 | E33: =(SUM(HS!E34:E42)+4*HS!E43)/13 | F33: =(SUM(HS!F34:F42)+4*HS!F43)/13 | G33: =(SUM(HS!G34:G42)+4*HS!G43)/13 | H33: =(SUM(HS!H34:H42)+4*HS!H43)/13 | I33: =(SUM(HS!I34:I42)+4*HS!I43)/13 | ... K33: =(SUM(HS!K34:K42)+4*HS!K43)/13
A34: 14 | B34: =(SUM(HS!B35:B43)+4*HS!B44)/13 | C34: =(SUM(HS!C35:C43)+4*HS!C44)/13 | D34: =(SUM(HS!D35:D43)+4*HS!D44)/13 | E34: =(SUM(HS!E35:E43)+4*HS!E44)/13 | F34: =(SUM(HS!F35:F43)+4*HS!F44)/13 | G34: =(SUM(HS!G35:G43)+4*HS!G44)/13 | H34: =(SUM(HS!H35:H43)+4*HS!H44)/13 | I34: =(SUM(HS!I35:I43)+4*HS!I44)/13 | ... K34: =(SUM(HS!K35:K43)+4*HS!K44)/13
A35: 15 | B35: =(SUM(HS!B36:B44)+4*HS!B45)/13 | C35: =(SUM(HS!C36:C44)+4*HS!C45)/13 | D35: =(SUM(HS!D36:D44)+4*HS!D45)/13 | E35: =(SUM(HS!E36:E44)+4*HS!E45)/13 | F35: =(SUM(HS!F36:F44)+4*HS!F45)/13 | G35: =(SUM(HS!G36:G44)+4*HS!G45)/13 | H35: =(SUM(HS!H36:H44)+4*HS!H45)/13 | I35: =(SUM(HS!I36:I44)+4*HS!I45)/13 | ... K35: =(SUM(HS!K36:K44)+4*HS!K45)/13
A36: 16 | B36: =(SUM(HS!B37:B45)+4*HS!B46)/13 | C36: =(SUM(HS!C37:C45)+4*HS!C46)/13 | D36: =(SUM(HS!D37:D45)+4*HS!D46)/13 | E36: =(SUM(HS!E37:E45)+4*HS!E46)/13 | F36: =(SUM(HS!F37:F45)+4*HS!F46)/13 | G36: =(SUM(HS!G37:G45)+4*HS!G46)/13 | H36: =(SUM(HS!H37:H45)+4*HS!H46)/13 | I36: =(SUM(HS!I37:I45)+4*HS!I46)/13 | ... K36: =(SUM(HS!K37:K45)+4*HS!K46)/13
A37: 17 | B37: =(SUM(HS!B38:B46)+4*HS!B47)/13 | C37: =(SUM(HS!C38:C46)+4*HS!C47)/13 | D37: =(SUM(HS!D38:D46)+4*HS!D47)/13 | E37: =(SUM(HS!E38:E46)+4*HS!E47)/13 | F37: =(SUM(HS!F38:F46)+4*HS!F47)/13 | G37: =(SUM(HS!G38:G46)+4*HS!G47)/13 | H37: =(SUM(HS!H38:H46)+4*HS!H47)/13 | I37: =(SUM(HS!I38:I46)+4*HS!I47)/13 | ... K37: =(SUM(HS!K38:K46)+4*HS!K47)/13
A38: 18 | B38: =(SUM(HS!B39:B47)+4*HS!B48)/13 | C38: =(SUM(HS!C39:C47)+4*HS!C48)/13 | D38: =(SUM(HS!D39:D47)+4*HS!D48)/13 | E38: =(SUM(HS!E39:E47)+4*HS!E48)/13 | F38: =(SUM(HS!F39:F47)+4*HS!F48)/13 | G38: =(SUM(HS!G39:G47)+4*HS!G48)/13 | H38: =(SUM(HS!H39:H47)+4*HS!H48)/13 | I38: =(SUM(HS!I39:I47)+4*HS!I48)/13 | ... K38: =(SUM(HS!K39:K47)+4*HS!K48)/13
A39: 19 | B39: =(SUM(HS!B40:B48)+4*HS!B49)/13 | C39: =(SUM(HS!C40:C48)+4*HS!C49)/13 | D39: =(SUM(HS!D40:D48)+4*HS!D49)/13 | E39: =(SUM(HS!E40:E48)+4*HS!E49)/13 | F39: =(SUM(HS!F40:F48)+4*HS!F49)/13 | G39: =(SUM(HS!G40:G48)+4*HS!G49)/13 | H39: =(SUM(HS!H40:H48)+4*HS!H49)/13 | I39: =(SUM(HS!I40:I48)+4*HS!I49)/13 | ... K39: =(SUM(HS!K40:K48)+4*HS!K49)/13
A40: 20 | B40: =(SUM(HS!B41:B49)+4*HS!B50)/13 | C40: =(SUM(HS!C41:C49)+4*HS!C50)/13 | D40: =(SUM(HS!D41:D49)+4*HS!D50)/13 | E40: =(SUM(HS!E41:E49)+4*HS!E50)/13 | F40: =(SUM(HS!F41:F49)+4*HS!F50)/13 | G40: =(SUM(HS!G41:G49)+4*HS!G50)/13 | H40: =(SUM(HS!H41:H49)+4*HS!H50)/13 | I40: =(SUM(HS!I41:I49)+4*HS!I50)/13 | ... K40: =(SUM(HS!K41:K49)+4*HS!K50)/13
A41: 21 | B41: =(SUM(HS!B42:B50)+4*HS!B51)/13 | C41: =(SUM(HS!C42:C50)+4*HS!C51)/13 | D41: =(SUM(HS!D42:D50)+4*HS!D51)/13 | E41: =(SUM(HS!E42:E50)+4*HS!E51)/13 | F41: =(SUM(HS!F42:F50)+4*HS!F51)/13 | G41: =(SUM(HS!G42:G50)+4*HS!G51)/13 | H41: =(SUM(HS!H42:H50)+4*HS!H51)/13 | I41: =(SUM(HS!I42:I50)+4*HS!I51)/13 | ... K41: =(SUM(HS!K42:K50)+4*HS!K51)/13
A42: 22 | B42: =B10 | C42: =C10 | D42: =D10 | E42: =E10 | F42: =F10 | G42: =G10 | H42: =H10 | I42: =I10 | ... K42: =K10
A43: 23 | B43: =B11 | C43: =C11 | D43: =D11 | E43: =E11 | F43: =F11 | G43: =G11 | H43: =H11 | I43: =I11 | ... K43: =K11
A44: 24 | B44: =B12 | C44: =C12 | D44: =D12 | E44: =E12 | F44: =F12 | G44: =G12 | H44: =H12 | I44: =I12 | ... K44: =K12
A45: 25 | B45: =B13 | C45: =C13 | D45: =D13 | E45: =E13 | F45: =F13 | G45: =G13 | H45: =H13 | I45: =I13 | ... K45: =K13
A46: 26 | B46: =B14 | C46: =C14 | D46: =D14 | E46: =E14 | F46: =F14 | G46: =G14 | H46: =H14 | I46: =I14 | ... K46: =K14
A47: 27 | B47: =B15 | C47: =C15 | D47: =D15 | E47: =E15 | F47: =F15 | G47: =G15 | H47: =H15 | I47: =I15 | ... K47: =K15
A48: 28 | B48: =B16 | C48: =C16 | D48: =D16 | E48: =E16 | F48: =F16 | G48: =G16 | H48: =H16 | I48: =I16 | ... K48: =K16
A49: 29 | B49: =B17 | C49: =C17 | D49: =D17 | E49: =E17 | F49: =F17 | G49: =G17 | H49: =H17 | I49: =I17 | ... K49: =K17
A50: 30 | B50: =B18 | C50: =C18 | D50: =D18 | E50: =E18 | F50: =F18 | G50: =G18 | H50: =H18 | I50: =I18 | ... K50: =K18
A51: 31 | B51: =B19 | C51: =C19 | D51: =D19 | E51: =E19 | F51: =F19 | G51: =G19 | H51: =H19 | I51: =I19 | ... K51: =K19

Sheet Stand
A1: Hard | B1: 2 | C1: 3 | D1: 4 | E1: 5 | F1: 6 | G1: 7 | H1: 8 | I1: 9 | J1: 10 | K1: Ace
A2: 4 | B2: =Dealer!B2-SUM(Dealer!B3:B7) | C2: =Dealer!C2-SUM(Dealer!C3:C7) | D2: =Dealer!D2-SUM(Dealer!D3:D7) | E2: =Dealer!E2-SUM(Dealer!E3:E7) | F2: =Dealer!F2-SUM(Dealer!F3:F7) | G2: =Dealer!G2-SUM(Dealer!G3:G7) | H2: =Dealer!H2-SUM(Dealer!H3:H7) | I2: =Dealer!I2-SUM(Dealer!I3:I7) | ... K2: =Dealer!K2-SUM(Dealer!K3:K7)
A3: 5 | B3: =B2 | C3: =C2 | D3: =D2 | E3: =E2 | F3: =F2 | G3: =G2 | H3: =H2 | I3: =I2 | ... K3: =K2
A4: 6 | B4: =B3 | C4: =C3 | D4: =D3 | E4: =E3 | F4: =F3 | G4: =G3 | H4: =H3 | I4: =I3 | ... K4: =K3
A5: 7 | B5: =B4 | C5: =C4 | D5: =D4 | E5: =E4 | F5: =F4 | G5: =G4 | H5: =H4 | I5: =I4 | ... K5: =K4
A6: 8 | B6: =B5 | C6: =C5 | D6: =D5 | E6: =E5 | F6: =F5 | G6: =G5 | H6: =H5 | I6: =I5 | ... K6: =K5
A7: 9 | B7: =B6 | C7: =C6 | D7: =D6 | E7: =E6 | F7: =F6 | G7: =G6 | H7: =H6 | I7: =I6 | ... K7: =K6
A8: 10 | B8: =B7 | C8: =C7 | D8: =D7 | E8: =E7 | F8: =F7 | G8: =G7 | H8: =H7 | I8: =I7 | ... K8: =K7
A9: 11 | B9: =B8 | C9: =C8 | D9: =D8 | E9: =E8 | F9: =F8 | G9: =G8 | H9: =H8 | I9: =I8 | ... K9: =K8
A10: 12 | B10: =B9 | C10: =C9 | D10: =D9 | E10: =E9 | F10: =F9 | G10: =G9 | H10: =H9 | I10: =I9 | ... K10: =K9
A11: 13 | B11: =B10 | C11: =C10 | D11: =D10 | E11: =E10 | F11: =F10 | G11: =G10 | H11: =H10 | I11: =I10 | ... K11: =K10
A12: 14 | B12: =B11 | C12: =C11 | D12: =D11 | E12: =E11 | F12: =F11 | G12: =G11 | H12: =H11 | I12: =I11 | ... K12: =K11
A13: 15 | B13: =B12 | C13: =C12 | D13: =D12 | E13: =E12 | F13: =F12 | G13: =G12 | H13: =H12 | I13: =I12 | ... K13: =K12
A14: 16 | B14: =B13 | C14: =C13 | D14: =D13 | E14: =E13 | F14: =F13 | G14: =G13 | H14: =H13 | I14: =I13 | ... K14: =K13
A15: 17 | B15: =Dealer!B2-SUM(Dealer!B4:B7) | C15: =Dealer!C2-SUM(Dealer!C4:C7) | D15: =Dealer!D2-SUM(Dealer!D4:D7) | E15: =Dealer!E2-SUM(Dealer!E4:E7) | F15: =Dealer!F2-SUM(Dealer!F4:F7) | G15: =Dealer!G2-SUM(Dealer!G4:G7) | H15: =Dealer!H2-SUM(Dealer!H4:H7) | I15: =Dealer!I2-SUM(Dealer!I4:I7) | ... K15: =Dealer!K2-SUM(Dealer!K4:K7)
A16: 18 | B16: =Dealer!B2+Dealer!B3-SUM(Dealer!B5:B7) | C16: =Dealer!C2+Dealer!C3-SUM(Dealer!C5:C7) | D16: =Dealer!D2+Dealer!D3-SUM(Dealer!D5:D7) | E16: =Dealer!E2+Dealer!E3-SUM(Dealer!E5:E7) | F16: =Dealer!F2+Dealer!F3-SUM(Dealer!F5:F7) | G16: =Dealer!G2+Dealer!G3-SUM(Dealer!G5:G7) | H16: =Dealer!H2+Dealer!H3-SUM(Dealer!H5:H7) | I16: =Dealer!I2+Dealer!I3-SUM(Dealer!I5:I7) | ... K16: =Dealer!K2+Dealer!K3-SUM(Dealer!K5:K7)
A17: 19 | B17: =SUM(Dealer!B2:B4)-SUM(Dealer!B6:B7) | C17: =SUM(Dealer!C2:C4)-SUM(Dealer!C6:C7) | D17: =SUM(Dealer!D2:D4)-SUM(Dealer!D6:D7) | E17: =SUM(Dealer!E2:E4)-SUM(Dealer!E6:E7) | F17: =SUM(Dealer!F2:F4)-SUM(Dealer!F6:F7) | G17: =SUM(Dealer!G2:G4)-SUM(Dealer!G6:G7) | H17: =SUM(Dealer!H2:H4)-SUM(Dealer!H6:H7) | I17: =SUM(Dealer!I2:I4)-SUM(Dealer!I6:I7) | ... K17: =SUM(Dealer!K2:K4)-SUM(Dealer!K6:K7)
A18: 20 | B18: =SUM(Dealer!B2:B5)-Dealer!B7 | C18: =SUM(Dealer!C2:C5)-Dealer!C7 | D18: =SUM(Dealer!D2:D5)-Dealer!D7 | E18: =SUM(Dealer!E2:E5)-Dealer!E7 | F18: =SUM(Dealer!F2:F5)-Dealer!F7 | G18: =SUM(Dealer!G2:G5)-Dealer!G7 | H18: =SUM(Dealer!H2:H5)-Dealer!H7 | I18: =SUM(Dealer!I2:I5)-Dealer!I7 | ... K18: =SUM(Dealer!K2:K5)-Dealer!K7
A19: 21 | B19: =SUM(Dealer!B2:B6) | C19: =SUM(Dealer!C2:C6) | D19: =SUM(Dealer!D2:D6) | E19: =SUM(Dealer!E2:E6) | F19: =SUM(Dealer!F2:F6) | G19: =SUM(Dealer!G2:G6) | H19: =SUM(Dealer!H2:H6) | I19: =SUM(Dealer!I2:I6) | ... K19: =SUM(Dealer!K2:K6)
A20: 22 | B20: -1 | C20: -1 | D20: -1 | E20: -1 | F20: -1 | G20: -1 | H20: -1 | I20: -1 | J20: -1 | K20: -1
A21: 23 | B21: -1 | C21: -1 | D21: -1 | E21: -1 | F21: -1 | G21: -1 | H21: -1 | I21: -1 | J21: -1 | K21: -1
A22: 24 | B22: -1 | C22: -1 | D22: -1 | E22: -1 | F22: -1 | G22: -1 | H22: -1 | I22: -1 | J22: -1 | K22: -1
A23: 25 | B23: -1 | C23: -1 | D23: -1 | E23: -1 | F23: -1 | G23: -1 | H23: -1 | I23: -1 | J23: -1 | K23: -1
A24: 26 | B24: -1 | C24: -1 | D24: -1 | E24: -1 | F24: -1 | G24: -1 | H24: -1 | I24: -1 | J24: -1 | K24: -1
A25: 27 | B25: -1 | C25: -1 | D25: -1 | E25: -1 | F25: -1 | G25: -1 | H25: -1 | I25: -1 | J25: -1 | K25: -1
A26: 28 | B26: -1 | C26: -1 | D26: -1 | E26: -1 | F26: -1 | G26: -1 | H26: -1 | I26: -1 | J26: -1 | K26: -1
A27: 29 | B27: -1 | C27: -1 | D27: -1 | E27: -1 | F27: -1 | G27: -1 | H27: -1 | I27: -1 | J27: -1 | K27: -1
A28: 30 | B28: -1 | C28: -1 | D28: -1 | E28: -1 | F28: -1 | G28: -1 | H28: -1 | I28: -1 | J28: -1 | K28: -1
A29: 31 | B29: -1 | C29: -1 | D29: -1 | E29: -1 | F29: -1 | G29: -1 | H29: -1 | I29: -1 | J29: -1 | K29: -1
A31: Soft
A32: 12 | B32: =B10 | C32: =C10 | D32: =D10 | E32: =E10 | F32: =F10 | G32: =G10 | H32: =H10 | I32: =I10 | ... K32: =K10
A33: 13 | B33: =B11 | C33: =C11 | D33: =D11 | E33: =E11 | F33: =F11 | G33: =G11 | H33: =H11 | I33: =I11 | ... K33: =K11
A34: 14 | B34: =B12 | C34: =C12 | D34: =D12 | E34: =E12 | F34: =F12 | G34: =G12 | H34: =H12 | I34: =I12 | ... K34: =K12
A35: 15 | B35: =B13 | C35: =C13 | D35: =D13 | E35: =E13 | F35: =F13 | G35: =G13 | H35: =H13 | I35: =I13 | ... K35: =K13
A36: 16 | B36: =B14 | C36: =C14 | D36: =D14 | E36: =E14 | F36: =F14 | G36: =G14 | H36: =H14 | I36: =I14 | ... K36: =K14
A37: 17 | B37: =B15 | C37: =C15 | D37: =D15 | E37: =E15 | F37: =F15 | G37: =G15 | H37: =H15 | I37: =I15 | ... K37: =K15
A38: 18 | B38: =B16 | C38: =C16 | D38: =D16 | E38: =E16 | F38: =F16 | G38: =G16 | H38: =H16 | I38: =I16 | ... K38: =K16
A39: 19 | B39: =B17 | C39: =C17 | D39: =D17 | E39: =E17 | F39: =F17 | G39: =G17 | H39: =H17 | I39: =I17 | ... K39: =K17
A40: 20 | B40: =B18 | C40: =C18 | D40: =D18 | E40: =E18 | F40: =F18 | G40: =G18 | H40: =H18 | I40: =I18 | ... K40: =K18
A41: 21 | B41: =B19 | C41: =C19 | D41: =D19 | E41: =E19 | F41: =F19 | G41: =G19 | H41: =H19 | I41: =I19 | ... K41: =K19
A42: 22 | B42: =B10 | C42: =C10 | D42: =D10 | E42: =E10 | F42: =F10 | G42: =G10 | H42: =H10 | I42: =I10 | ... K42: =K10
A43: 23 | B43: =B11 | C43: =C11 | D43: =D11 | E43: =E11 | F43: =F11 | G43: =G11 | H43: =H11 | I43: =I11 | ... K43: =K11
A44: 24 | B44: =B12 | C44: =C12 | D44: =D12 | E44: =E12 | F44: =F12 | G44: =G12 | H44: =H12 | I44: =I12 | ... K44: =K12
A45: 25 | B45: =B13 | C45: =C13 | D45: =D13 | E45: =E13 | F45: =F13 | G45: =G13 | H45: =H13 | I45: =I13 | ... K45: =K13
A46: 26 | B46: =B14 | C46: =C14 | D46: =D14 | E46: =E14 | F46: =F14 | G46: =G14 | H46: =H14 | I46: =I14 | ... K46: =K14
A47: 27 | B47: =B15 | C47: =C15 | D47: =D15 | E47: =E15 | F47: =F15 | G47: =G15 | H47: =H15 | I47: =I15 | ... K47: =K15
A48: 28 | B48: =B16 | C48: =C16 | D48: =D16 | E48: =E16 | F48: =F16 | G48: =G16 | H48: =H16 | I48: =I16 | ... K48: =K16
A49: 29 | B49: =B17 | C49: =C17 | D49: =D17 | E49: =E17 | F49: =F17 | G49: =G17 | H49: =H17 | I49: =I17 | ... K49: =K17
A50: 30 | B50: =B18 | C50: =C18 | D50: =D18 | E50: =E18 | F50: =F18 | G50: =G18 | H50: =H18 | I50: =I18 | ... K50: =K18
A51: 31 | B51: =B19 | C51: =C19 | D51: =D19 | E51: =E19 | F51: =F19 | G51: =G19 | H51: =H19 | I51: =I19 | ... K51: =K19

Sheet HS
A1: Hard | B1: 2 | C1: 3 | D1: 4 | E1: 5 | F1: 6 | G1: 7 | H1: 8 | I1: 9 | J1: 10 | K1: Ace | M1: Hard | N1: 2 | O1: 3 | P1: 4 | Q1: 5 | R1: 6 | S1: 7 | T1: 8 | U1: 9 | V1: 10 | W1: Ace
A2: 4 | B2: =MAX(Hit!B2,Stand!B2) | C2: =MAX(Hit!C2,Stand!C2) | D2: =MAX(Hit!D2,Stand!D2) | E2: =MAX(Hit!E2,Stand!E2) | F2: =MAX(Hit!F2,Stand!F2) | G2: =MAX(Hit!G2,Stand!G2) | H2: =MAX(Hit!H2,Stand!H2) | I2: =MAX(Hit!I2,Stand!I2) | ... K2: =MAX(Hit!K2,Stand!K2) | M2: 4 | N2: =IF(B2=Stand!B2,"S","H") | O2: =IF(C2=Stand!C2,"S","H") | P2: =IF(D2=Stand!D2,"S","H") | Q2: =IF(E2=Stand!E2,"S","H") | R2: =IF(F2=Stand!F2,"S","H") | S2: =IF(G2=Stand!G2,"S","H") | T2: =IF(H2=Stand!H2,"S","H") | U2: =IF(I2=Stand!I2,"S","H") | ... W2: =IF(K2=Stand!K2,"S","H")
A3: 5 | B3: =MAX(Hit!B3,Stand!B3) | C3: =MAX(Hit!C3,Stand!C3) | D3: =MAX(Hit!D3,Stand!D3) | E3: =MAX(Hit!E3,Stand!E3) | F3: =MAX(Hit!F3,Stand!F3) | G3: =MAX(Hit!G3,Stand!G3) | H3: =MAX(Hit!H3,Stand!H3) | I3: =MAX(Hit!I3,Stand!I3) | ... K3: =MAX(Hit!K3,Stand!K3) | M3: 5 | N3: =IF(B3=Stand!B3,"S","H") | O3: =IF(C3=Stand!C3,"S","H") | P3: =IF(D3=Stand!D3,"S","H") | Q3: =IF(E3=Stand!E3,"S","H") | R3: =IF(F3=Stand!F3,"S","H") | S3: =IF(G3=Stand!G3,"S","H") | T3: =IF(H3=Stand!H3,"S","H") | U3: =IF(I3=Stand!I3,"S","H") | ... W3: =IF(K3=Stand!K3,"S","H")
A4: 6 | B4: =MAX(Hit!B4,Stand!B4) | C4: =MAX(Hit!C4,Stand!C4) | D4: =MAX(Hit!D4,Stand!D4) | E4: =MAX(Hit!E4,Stand!E4) | F4: =MAX(Hit!F4,Stand!F4) | G4: =MAX(Hit!G4,Stand!G4) | H4: =MAX(Hit!H4,Stand!H4) | I4: =MAX(Hit!I4,Stand!I4) | ... K4: =MAX(Hit!K4,Stand!K4) | M4: 6 | N4: =IF(B4=Stand!B4,"S","H") | O4: =IF(C4=Stand!C4,"S","H") | P4: =IF(D4=Stand!D4,"S","H") | Q4: =IF(E4=Stand!E4,"S","H") | R4: =IF(F4=Stand!F4,"S","H") | S4: =IF(G4=Stand!G4,"S","H") | T4: =IF(H4=Stand!H4,"S","H") | U4: =IF(I4=Stand!I4,"S","H") | ... W4: =IF(K4=Stand!K4,"S","H")
A5: 7 | B5: =MAX(Hit!B5,Stand!B5) | C5: =MAX(Hit!C5,Stand!C5) | D5: =MAX(Hit!D5,Stand!D5) | E5: =MAX(Hit!E5,Stand!E5) | F5: =MAX(Hit!F5,Stand!F5) | G5: =MAX(Hit!G5,Stand!G5) | H5: =MAX(Hit!H5,Stand!H5) | I5: =MAX(Hit!I5,Stand!I5) | ... K5: =MAX(Hit!K5,Stand!K5) | M5: 7 | N5: =IF(B5=Stand!B5,"S","H") | O5: =IF(C5=Stand!C5,"S","H") | P5: =IF(D5=Stand!D5,"S","H") | Q5: =IF(E5=Stand!E5,"S","H") | R5: =IF(F5=Stand!F5,"S","H") | S5: =IF(G5=Stand!G5,"S","H") | T5: =IF(H5=Stand!H5,"S","H") | U5: =IF(I5=Stand!I5,"S","H") | ... W5: =IF(K5=Stand!K5,"S","H")
A6: 8 | B6: =MAX(Hit!B6,Stand!B6) | C6: =MAX(Hit!C6,Stand!C6) | D6: =MAX(Hit!D6,Stand!D6) | E6: =MAX(Hit!E6,Stand!E6) | F6: =MAX(Hit!F6,Stand!F6) | G6: =MAX(Hit!G6,Stand!G6) | H6: =MAX(Hit!H6,Stand!H6) | I6: =MAX(Hit!I6,Stand!I6) | ... K6: =MAX(Hit!K6,Stand!K6) | M6: 8 | N6: =IF(B6=Stand!B6,"S","H") | O6: =IF(C6=Stand!C6,"S","H") | P6: =IF(D6=Stand!D6,"S","H") | Q6: =IF(E6=Stand!E6,"S","H") | R6: =IF(F6=Stand!F6,"S","H") | S6: =IF(G6=Stand!G6,"S","H") | T6: =IF(H6=Stand!H6,"S","H") | U6: =IF(I6=Stand!I6,"S","H") | ... W6: =IF(K6=Stand!K6,"S","H")
A7: 9 | B7: =MAX(Hit!B7,Stand!B7) | C7: =MAX(Hit!C7,Stand!C7) | D7: =MAX(Hit!D7,Stand!D7) | E7: =MAX(Hit!E7,Stand!E7) | F7: =MAX(Hit!F7,Stand!F7) | G7: =MAX(Hit!G7,Stand!G7) | H7: =MAX(Hit!H7,Stand!H7) | I7: =MAX(Hit!I7,Stand!I7) | ... K7: =MAX(Hit!K7,Stand!K7) | M7: 9 | N7: =IF(B7=Stand!B7,"S","H") | O7: =IF(C7=Stand!C7,"S","H") | P7: =IF(D7=Stand!D7,"S","H") | Q7: =IF(E7=Stand!E7,"S","H") | R7: =IF(F7=Stand!F7,"S","H") | S7: =IF(G7=Stand!G7,"S","H") | T7: =IF(H7=Stand!H7,"S","H") | U7: =IF(I7=Stand!I7,"S","H") | ... W7: =IF(K7=Stand!K7,"S","H")
A8: 10 | B8: =MAX(Hit!B8,Stand!B8) | C8: =MAX(Hit!C8,Stand!C8) | D8: =MAX(Hit!D8,Stand!D8) | E8: =MAX(Hit!E8,Stand!E8) | F8: =MAX(Hit!F8,Stand!F8) | G8: =MAX(Hit!G8,Stand!G8) | H8: =MAX(Hit!H8,Stand!H8) | I8: =MAX(Hit!I8,Stand!I8) | ... K8: =MAX(Hit!K8,Stand!K8) | M8: 10 | N8: =IF(B8=Stand!B8,"S","H") | O8: =IF(C8=Stand!C8,"S","H") | P8: =IF(D8=Stand!D8,"S","H") | Q8: =IF(E8=Stand!E8,"S","H") | R8: =IF(F8=Stand!F8,"S","H") | S8: =IF(G8=Stand!G8,"S","H") | T8: =IF(H8=Stand!H8,"S","H") | U8: =IF(I8=Stand!I8,"S","H") | ... W8: =IF(K8=Stand!K8,"S","H")
A9: 11 | B9: =MAX(Hit!B9,Stand!B9) | C9: =MAX(Hit!C9,Stand!C9) | D9: =MAX(Hit!D9,Stand!D9) | E9: =MAX(Hit!E9,Stand!E9) | F9: =MAX(Hit!F9,Stand!F9) | G9: =MAX(Hit!G9,Stand!G9) | H9: =MAX(Hit!H9,Stand!H9) | I9: =MAX(Hit!I9,Stand!I9) | ... K9: =MAX(Hit!K9,Stand!K9) | M9: 11 | N9: =IF(B9=Stand!B9,"S","H") | O9: =IF(C9=Stand!C9,"S","H") | P9: =IF(D9=Stand!D9,"S","H") | Q9: =IF(E9=Stand!E9,"S","H") | R9: =IF(F9=Stand!F9,"S","H") | S9: =IF(G9=Stand!G9,"S","H") | T9: =IF(H9=Stand!H9,"S","H") | U9: =IF(I9=Stand!I9,"S","H") | ... W9: =IF(K9=Stand!K9,"S","H")
A10: 12 | B10: =MAX(Hit!B10,Stand!B10) | C10: =MAX(Hit!C10,Stand!C10) | D10: =MAX(Hit!D10,Stand!D10) | E10: =MAX(Hit!E10,Stand!E10) | F10: =MAX(Hit!F10,Stand!F10) | G10: =MAX(Hit!G10,Stand!G10) | H10: =MAX(Hit!H10,Stand!H10) | I10: =MAX(Hit!I10,Stand!I10) | ... K10: =MAX(Hit!K10,Stand!K10) | M10: 12 | N10: =IF(B10=Stand!B10,"S","H") | O10: =IF(C10=Stand!C10,"S","H") | P10: =IF(D10=Stand!D10,"S","H") | Q10: =IF(E10=Stand!E10,"S","H") | R10: =IF(F10=Stand!F10,"S","H") | S10: =IF(G10=Stand!G10,"S","H") | T10: =IF(H10=Stand!H10,"S","H") | U10: =IF(I10=Stand!I10,"S","H") | ... W10: =IF(K10=Stand!K10,"S","H")
A11: 13 | B11: =MAX(Hit!B11,Stand!B11) | C11: =MAX(Hit!C11,Stand!C11) | D11: =MAX(Hit!D11,Stand!D11) | E11: =MAX(Hit!E11,Stand!E11) | F11: =MAX(Hit!F11,Stand!F11) | G11: =MAX(Hit!G11,Stand!G11) | H11: =MAX(Hit!H11,Stand!H11) | I11: =MAX(Hit!I11,Stand!I11) | ... K11: =MAX(Hit!K11,Stand!K11) | M11: 13 | N11: =IF(B11=Stand!B11,"S","H") | O11: =IF(C11=Stand!C11,"S","H") | P11: =IF(D11=Stand!D11,"S","H") | Q11: =IF(E11=Stand!E11,"S","H") | R11: =IF(F11=Stand!F11,"S","H") | S11: =IF(G11=Stand!G11,"S","H") | T11: =IF(H11=Stand!H11,"S","H") | U11: =IF(I11=Stand!I11,"S","H") | ... W11: =IF(K11=Stand!K11,"S","H")
A12: 14 | B12: =MAX(Hit!B12,Stand!B12) | C12: =MAX(Hit!C12,Stand!C12) | D12: =MAX(Hit!D12,Stand!D12) | E12: =MAX(Hit!E12,Stand!E12) | F12: =MAX(Hit!F12,Stand!F12) | G12: =MAX(Hit!G12,Stand!G12) | H12: =MAX(Hit!H12,Stand!H12) | I12: =MAX(Hit!I12,Stand!I12) | ... K12: =MAX(Hit!K12,Stand!K12) | M12: 14 | N12: =IF(B12=Stand!B12,"S","H") | O12: =IF(C12=Stand!C12,"S","H") | P12: =IF(D12=Stand!D12,"S","H") | Q12: =IF(E12=Stand!E12,"S","H") | R12: =IF(F12=Stand!F12,"S","H") | S12: =IF(G12=Stand!G12,"S","H") | T12: =IF(H12=Stand!H12,"S","H") | U12: =IF(I12=Stand!I12,"S","H") | ... W12: =IF(K12=Stand!K12,"S","H")
A13: 15 | B13: =MAX(Hit!B13,Stand!B13) | C13: =MAX(Hit!C13,Stand!C13) | D13: =MAX(Hit!D13,Stand!D13) | E13: =MAX(Hit!E13,Stand!E13) | F13: =MAX(Hit!F13,Stand!F13) | G13: =MAX(Hit!G13,Stand!G13) | H13: =MAX(Hit!H13,Stand!H13) | I13: =MAX(Hit!I13,Stand!I13) | ... K13: =MAX(Hit!K13,Stand!K13) | M13: 15 | N13: =IF(B13=Stand!B13,"S","H") | O13: =IF(C13=Stand!C13,"S","H") | P13: =IF(D13=Stand!D13,"S","H") | Q13: =IF(E13=Stand!E13,"S","H") | R13: =IF(F13=Stand!F13,"S","H") | S13: =IF(G13=Stand!G13,"S","H") | T13: =IF(H13=Stand!H13,"S","H") | U13: =IF(I13=Stand!I13,"S","H") | ... W13: =IF(K13=Stand!K13,"S","H")
... A19: 21 | B19: =MAX(Hit!B19,Stand!B19) | C19: =MAX(Hit!C19,Stand!C19) | D19: =MAX(Hit!D19,Stand!D19) | E19: =MAX(Hit!E19,Stand!E19) | F19: =MAX(Hit!F19,Stand!F19) | G19: =MAX(Hit!G19,Stand!G19) | H19: =MAX(Hit!H19,Stand!H19) | I19: =MAX(Hit!I19,Stand!I19) | ... K19: =MAX(Hit!K19,Stand!K19) | M19: 21 | N19: =IF(B19=Stand!B19,"S","H") | O19: =IF(C19=Stand!C19,"S","H") | P19: =IF(D19=Stand!D19,"S","H") | Q19: =IF(E19=Stand!E19,"S","H") | R19: =IF(F19=Stand!F19,"S","H") | S19: =IF(G19=Stand!G19,"S","H") | T19: =IF(H19=Stand!H19,"S","H") | U19: =IF(I19=Stand!I19,"S","H") | ... W19: =IF(K19=Stand!K19,"S","H")
A20: 22 | B20: -1 | C20: -1 | D20: -1 | E20: -1 | F20: -1 | G20: -1 | H20: -1 | I20: -1 | J20: -1 | K20: -1
A21: 23 | B21: -1 | C21: -1 | D21: -1 | E21: -1 | F21: -1 | G21: -1 | H21: -1 | I21: -1 | J21: -1 | K21: -1
A22: 24 | B22: -1 | C22: -1 | D22: -1 | E22: -1 | F22: -1 | G22: -1 | H22: -1 | I22: -1 | J22: -1 | K22: -1
A23: 25 | B23: -1 | C23: -1 | D23: -1 | E23: -1 | F23: -1 | G23: -1 | H23: -1 | I23: -1 | J23: -1 | K23: -1
A24: 26 | B24: -1 | C24: -1 | D24: -1 | E24: -1 | F24: -1 | G24: -1 | H24: -1 | I24: -1 | J24: -1 | K24: -1
A25: 27 | B25: -1 | C25: -1 | D25: -1 | E25: -1 | F25: -1 | G25: -1 | H25: -1 | I25: -1 | J25: -1 | K25: -1
A26: 28 | B26: -1 | C26: -1 | D26: -1 | E26: -1 | F26: -1 | G26: -1 | H26: -1 | I26: -1 | J26: -1 | K26: -1
A27: 29 | B27: -1 | C27: -1 | D27: -1 | E27: -1 | F27: -1 | G27: -1 | H27: -1 | I27: -1 | J27: -1 | K27: -1
A28: 30 | B28: -1 | C28: -1 | D28: -1 | E28: -1 | F28: -1 | G28: -1 | H28: -1 | I28: -1 | J28: -1 | K28: -1
A29: 31 | B29: -1 | C29: -1 | D29: -1 | E29: -1 | F29: -1 | G29: -1 | H29: -1 | I29: -1 | J29: -1 | K29: -1
A31: Soft | M31: Soft
A32: 12 | B32: =MAX(Hit!B32,Stand!B32) | C32: =MAX(Hit!C32,Stand!C32) | D32: =MAX(Hit!D32,Stand!D32) | E32: =MAX(Hit!E32,Stand!E32) | F32: =MAX(Hit!F32,Stand!F32) | G32: =MAX(Hit!G32,Stand!G32) | H32: =MAX(Hit!H32,Stand!H32) | I32: =MAX(Hit!I32,Stand!I32) | ... K32: =MAX(Hit!K32,Stand!K32) | M32: 12 | N32: =IF(B32=Stand!B32,"S","H") | O32: =IF(C32=Stand!C32,"S","H") | P32: =IF(D32=Stand!D32,"S","H") | Q32: =IF(E32=Stand!E32,"S","H") | R32: =IF(F32=Stand!F32,"S","H") | S32: =IF(G32=Stand!G32,"S","H") | T32: =IF(H32=Stand!H32,"S","H") | U32: =IF(I32=Stand!I32,"S","H") | ... W32: =IF(K32=Stand!K32,"S","H")
A33: 13 | B33: =MAX(Hit!B33,Stand!B33) | C33: =MAX(Hit!C33,Stand!C33) | D33: =MAX(Hit!D33,Stand!D33) | E33: =MAX(Hit!E33,Stand!E33) | F33: =MAX(Hit!F33,Stand!F33) | G33: =MAX(Hit!G33,Stand!G33) | H33: =MAX(Hit!H33,Stand!H33) | I33: =MAX(Hit!I33,Stand!I33) | ... K33: =MAX(Hit!K33,Stand!K33) | M33: 13 | N33: =IF(B33=Stand!B33,"S","H") | O33: =IF(C33=Stand!C33,"S","H") | P33: =IF(D33=Stand!D33,"S","H") | Q33: =IF(E33=Stand!E33,"S","H") | R33: =IF(F33=Stand!F33,"S","H") | S33: =IF(G33=Stand!G33,"S","H") | T33: =IF(H33=Stand!H33,"S","H") | U33: =IF(I33=Stand!I33,"S","H") | ... W33: =IF(K33=Stand!K33,"S","H")
A34: 14 | B34: =MAX(Hit!B34,Stand!B34) | C34: =MAX(Hit!C34,Stand!C34) | D34: =MAX(Hit!D34,Stand!D34) | E34: =MAX(Hit!E34,Stand!E34) | F34: =MAX(Hit!F34,Stand!F34) | G34: =MAX(Hit!G34,Stand!G34) | H34: =MAX(Hit!H34,Stand!H34) | I34: =MAX(Hit!I34,Stand!I34) | ... K34: =MAX(Hit!K34,Stand!K34) | M34: 14 | N34: =IF(B34=Stand!B34,"S","H") | O34: =IF(C34=Stand!C34,"S","H") | P34: =IF(D34=Stand!D34,"S","H") | Q34: =IF(E34=Stand!E34,"S","H") | R34: =IF(F34=Stand!F34,"S","H") | S34: =IF(G34=Stand!G34,"S","H") | T34: =IF(H34=Stand!H34,"S","H") | U34: =IF(I34=Stand!I34,"S","H") | ... W34: =IF(K34=Stand!K34,"S","H")
A35: 15 | B35: =MAX(Hit!B35,Stand!B35) | C35: =MAX(Hit!C35,Stand!C35) | D35: =MAX(Hit!D35,Stand!D35) | E35: =MAX(Hit!E35,Stand!E35) | F35: =MAX(Hit!F35,Stand!F35) | G35: =MAX(Hit!G35,Stand!G35) | H35: =MAX(Hit!H35,Stand!H35) | I35: =MAX(Hit!I35,Stand!I35) | ... K35: =MAX(Hit!K35,Stand!K35) | M35: 15 | N35: =IF(B35=Stand!B35,"S","H") | O35: =IF(C35=Stand!C35,"S","H") | P35: =IF(D35=Stand!D35,"S","H") | Q35: =IF(E35=Stand!E35,"S","H") | R35: =IF(F35=Stand!F35,"S","H") | S35: =IF(G35=Stand!G35,"S","H") | T35: =IF(H35=Stand!H35,"S","H") | U35: =IF(I35=Stand!I35,"S","H") | ... W35: =IF(K35=Stand!K35,"S","H")
A36: 16 | B36: =MAX(Hit!B36,Stand!B36) | C36: =MAX(Hit!C36,Stand!C36) | D36: =MAX(Hit!D36,Stand!D36) | E36: =MAX(Hit!E36,Stand!E36) | F36: =MAX(Hit!F36,Stand!F36) | G36: =MAX(Hit!G36,Stand!G36) | H36: =MAX(Hit!H36,Stand!H36) | I36: =MAX(Hit!I36,Stand!I36) | ... K36: =MAX(Hit!K36,Stand!K36) | M36: 16 | N36: =IF(B36=Stand!B36,"S","H") | O36: =IF(C36=Stand!C36,"S","H") | P36: =IF(D36=Stand!D36,"S","H") | Q36: =IF(E36=Stand!E36,"S","H") | R36: =IF(F36=Stand!F36,"S","H") | S36: =IF(G36=Stand!G36,"S","H") | T36: =IF(H36=Stand!H36,"S","H") | U36: =IF(I36=Stand!I36,"S","H") | ... W36: =IF(K36=Stand!K36,"S","H")
A37: 17 | B37: =MAX(Hit!B37,Stand!B37) | C37: =MAX(Hit!C37,Stand!C37) | D37: =MAX(Hit!D37,Stand!D37) | E37: =MAX(Hit!E37,Stand!E37) | F37: =MAX(Hit!F37,Stand!F37) | G37: =MAX(Hit!G37,Stand!G37) | H37: =MAX(Hit!H37,Stand!H37) | I37: =MAX(Hit!I37,Stand!I37) | ... K37: =MAX(Hit!K37,Stand!K37) | M37: 17 | N37: =IF(B37=Stand!B37,"S","H") | O37: =IF(C37=Stand!C37,"S","H") | P37: =IF(D37=Stand!D37,"S","H") | Q37: =IF(E37=Stand!E37,"S","H") | R37: =IF(F37=Stand!F37,"S","H") | S37: =IF(G37=Stand!G37,"S","H") | T37: =IF(H37=Stand!H37,"S","H") | U37: =IF(I37=Stand!I37,"S","H") | ... W37: =IF(K37=Stand!K37,"S","H")
A38: 18 | B38: =MAX(Hit!B38,Stand!B38) | C38: =MAX(Hit!C38,Stand!C38) | D38: =MAX(Hit!D38,Stand!D38) | E38: =MAX(Hit!E38,Stand!E38) | F38: =MAX(Hit!F38,Stand!F38) | G38: =MAX(Hit!G38,Stand!G38) | H38: =MAX(Hit!H38,Stand!H38) | I38: =MAX(Hit!I38,Stand!I38) | ... K38: =MAX(Hit!K38,Stand!K38) | M38: 18 | N38: =IF(B38=Stand!B38,"S","H") | O38: =IF(C38=Stand!C38,"S","H") | P38: =IF(D38=Stand!D38,"S","H") | Q38: =IF(E38=Stand!E38,"S","H") | R38: =IF(F38=Stand!F38,"S","H") | S38: =IF(G38=Stand!G38,"S","H") | T38: =IF(H38=Stand!H38,"S","H") | U38: =IF(I38=Stand!I38,"S","H") | ... W38: =IF(K38=Stand!K38,"S","H")
A39: 19 | B39: =MAX(Hit!B39,Stand!B39) | C39: =MAX(Hit!C39,Stand!C39) | D39: =MAX(Hit!D39,Stand!D39) | E39: =MAX(Hit!E39,Stand!E39) | F39: =MAX(Hit!F39,Stand!F39) | G39: =MAX(Hit!G39,Stand!G39) | H39: =MAX(Hit!H39,Stand!H39) | I39: =MAX(Hit!I39,Stand!I39) | ... K39: =MAX(Hit!K39,Stand!K39) | M39: 19 | N39: =IF(B39=Stand!B39,"S","H") | O39: =IF(C39=Stand!C39,"S","H") | P39: =IF(D39=Stand!D39,"S","H") | Q39: =IF(E39=Stand!E39,"S","H") | R39: =IF(F39=Stand!F39,"S","H") | S39: =IF(G39=Stand!G39,"S","H") | T39: =IF(H39=Stand!H39,"S","H") | U39: =IF(I39=Stand!I39,"S","H") | ... W39: =IF(K39=Stand!K39,"S","H")
A40: 20 | B40: =MAX(Hit!B40,Stand!B40) | C40: =MAX(Hit!C40,Stand!C40) | D40: =MAX(Hit!D40,Stand!D40) | E40: =MAX(Hit!E40,Stand!E40) | F40: =MAX(Hit!F40,Stand!F40) | G40: =MAX(Hit!G40,Stand!G40) | H40: =MAX(Hit!H40,Stand!H40) | I40: =MAX(Hit!I40,Stand!I40) | ... K40: =MAX(Hit!K40,Stand!K40) | M40: 20 | N40: =IF(B40=Stand!B40,"S","H") | O40: =IF(C40=Stand!C40,"S","H") | P40: =IF(D40=Stand!D40,"S","H") | Q40: =IF(E40=Stand!E40,"S","H") | R40: =IF(F40=Stand!F40,"S","H") | S40: =IF(G40=Stand!G40,"S","H") | T40: =IF(H40=Stand!H40,"S","H") | U40: =IF(I40=Stand!I40,"S","H") | ... W40: =IF(K40=Stand!K40,"S","H")
A41: 21 | B41: =MAX(Hit!B41,Stand!B41) | C41: =MAX(Hit!C41,Stand!C41) | D41: =MAX(Hit!D41,Stand!D41) | E41: =MAX(Hit!E41,Stand!E41) | F41: =MAX(Hit!F41,Stand!F41) | G41: =MAX(Hit!G41,Stand!G41) | H41: =MAX(Hit!H41,Stand!H41) | I41: =MAX(Hit!I41,Stand!I41) | ... K41: =MAX(Hit!K41,Stand!K41) | M41: 21 | N41: =IF(B41=Stand!B41,"S","H") | O41: =IF(C41=Stand!C41,"S","H") | P41: =IF(D41=Stand!D41,"S","H") | Q41: =IF(E41=Stand!E41,"S","H") | R41: =IF(F41=Stand!F41,"S","H") | S41: =IF(G41=Stand!G41,"S","H") | T41: =IF(H41=Stand!H41,"S","H") | U41: =IF(I41=Stand!I41,"S","H") | ... W41: =IF(K41=Stand!K41,"S","H")
A42: 22 | B42: =MAX(Hit!B42,Stand!B42) | C42: =MAX(Hit!C42,Stand!C42) | D42: =MAX(Hit!D42,Stand!D42) | E42: =MAX(Hit!E42,Stand!E42) | F42: =MAX(Hit!F42,Stand!F42) | G42: =MAX(Hit!G42,Stand!G42) | H42: =MAX(Hit!H42,Stand!H42) | I42: =MAX(Hit!I42,Stand!I42) | ... K42: =MAX(Hit!K42,Stand!K42)
A43: 23 | B43: =MAX(Hit!B43,Stand!B43) | C43: =MAX(Hit!C43,Stand!C43) | D43: =MAX(Hit!D43,Stand!D43) | E43: =MAX(Hit!E43,Stand!E43) | F43: =MAX(Hit!F43,Stand!F43) | G43: =MAX(Hit!G43,Stand!G43) | H43: =MAX(Hit!H43,Stand!H43) | I43: =MAX(Hit!I43,Stand!I43) | ... K43: =MAX(Hit!K43,Stand!K43)
A44: 24 | B44: =MAX(Hit!B44,Stand!B44) | C44: =MAX(Hit!C44,Stand!C44) | D44: =MAX(Hit!D44,Stand!D44) | E44: =MAX(Hit!E44,Stand!E44) | F44: =MAX(Hit!F44,Stand!F44) | G44: =MAX(Hit!G44,Stand!G44) | H44: =MAX(Hit!H44,Stand!H44) | I44: =MAX(Hit!I44,Stand!I44) | ... K44: =MAX(Hit!K44,Stand!K44)
A45: 25 | B45: =MAX(Hit!B45,Stand!B45) | C45: =MAX(Hit!C45,Stand!C45) | D45: =MAX(Hit!D45,Stand!D45) | E45: =MAX(Hit!E45,Stand!E45) | F45: =MAX(Hit!F45,Stand!F45) | G45: =MAX(Hit!G45,Stand!G45) | H45: =MAX(Hit!H45,Stand!H45) | I45: =MAX(Hit!I45,Stand!I45) | ... K45: =MAX(Hit!K45,Stand!K45)
A46: 26 | B46: =MAX(Hit!B46,Stand!B46) | C46: =MAX(Hit!C46,Stand!C46) | D46: =MAX(Hit!D46,Stand!D46) | E46: =MAX(Hit!E46,Stand!E46) | F46: =MAX(Hit!F46,Stand!F46) | G46: =MAX(Hit!G46,Stand!G46) | H46: =MAX(Hit!H46,Stand!H46) | I46: =MAX(Hit!I46,Stand!I46) | ... K46: =MAX(Hit!K46,Stand!K46)
A47: 27 | B47: =MAX(Hit!B47,Stand!B47) | C47: =MAX(Hit!C47,Stand!C47) | D47: =MAX(Hit!D47,Stand!D47) | E47: =MAX(Hit!E47,Stand!E47) | F47: =MAX(Hit!F47,Stand!F47) | G47: =MAX(Hit!G47,Stand!G47) | H47: =MAX(Hit!H47,Stand!H47) | I47: =MAX(Hit!I47,Stand!I47) | ... K47: =MAX(Hit!K47,Stand!K47)
A48: 28 | B48: =MAX(Hit!B48,Stand!B48) | C48: =MAX(Hit!C48,Stand!C48) | D48: =MAX(Hit!D48,Stand!D48) | E48: =MAX(Hit!E48,Stand!E48) | F48: =MAX(Hit!F48,Stand!F48) | G48: =MAX(Hit!G48,Stand!G48) | H48: =MAX(Hit!H48,Stand!H48) | I48: =MAX(Hit!I48,Stand!I48) | ... K48: =MAX(Hit!K48,Stand!K48)
A49: 29 | B49: =MAX(Hit!B49,Stand!B49) | C49: =MAX(Hit!C49,Stand!C49) | D49: =MAX(Hit!D49,Stand!D49) | E49: =MAX(Hit!E49,Stand!E49) | F49: =MAX(Hit!F49,Stand!F49) | G49: =MAX(Hit!G49,Stand!G49) | H49: =MAX(Hit!H49,Stand!H49) | I49: =MAX(Hit!I49,Stand!I49) | ... K49: =MAX(Hit!K49,Stand!K49)
A50: 30 | B50: =MAX(Hit!B50,Stand!B50) | C50: =MAX(Hit!C50,Stand!C50) | D50: =MAX(Hit!D50,Stand!D50) | E50: =MAX(Hit!E50,Stand!E50) | F50: =MAX(Hit!F50,Stand!F50) | G50: =MAX(Hit!G50,Stand!G50) | H50: =MAX(Hit!H50,Stand!H50) | I50: =MAX(Hit!I50,Stand!I50) | ... K50: =MAX(Hit!K50,Stand!K50)
A51: 31 | B51: =MAX(Hit!B51,Stand!B51) | C51: =MAX(Hit!C51,Stand!C51) | D51: =MAX(Hit!D51,Stand!D51) | E51: =MAX(Hit!E51,Stand!E51) | F51: =MAX(Hit!F51,Stand!F51) | G51: =MAX(Hit!G51,Stand!G51) | H51: =MAX(Hit!H51,Stand!H51) | I51: =MAX(Hit!I51,Stand!I51) | ... K51: =MAX(Hit!K51,Stand!K51)

Sheet Double
A1: Hard | B1: 2 | C1: 3 | D1: 4 | E1: 5 | F1: 6 | G1: 7 | H1: 8 | I1: 9 | J1: 10 | K1: Ace
A2: 4 | B2: =2*(SUM(Stand!B4:B11)+4*Stand!B12+Stand!B35)/13 | C2: =2*(SUM(Stand!C4:C11)+4*Stand!C12+Stand!C35)/13 | D2: =2*(SUM(Stand!D4:D11)+4*Stand!D12+Stand!D35)/13 | E2: =2*(SUM(Stand!E4:E11)+4*Stand!E12+Stand!E35)/13 | F2: =2*(SUM(Stand!F4:F11)+4*Stand!F12+Stand!F35)/13 | G2: =2*(SUM(Stand!G4:G11)+4*Stand!G12+Stand!G35)/13 | H2: =2*(SUM(Stand!H4:H11)+4*Stand!H12+Stand!H35)/13 | I2: =2*(SUM(Stand!I4:I11)+4*Stand!I12+Stand!I35)/13 | ... K2: =2*(SUM(Stand!K4:K11)+4*Stand!K12+Stand!K35)/13
A3: 5 | B3: =2*(SUM(Stand!B5:B12)+4*Stand!B13+Stand!B36)/13 | C3: =2*(SUM(Stand!C5:C12)+4*Stand!C13+Stand!C36)/13 | D3: =2*(SUM(Stand!D5:D12)+4*Stand!D13+Stand!D36)/13 | E3: =2*(SUM(Stand!E5:E12)+4*Stand!E13+Stand!E36)/13 | F3: =2*(SUM(Stand!F5:F12)+4*Stand!F13+Stand!F36)/13 | G3: =2*(SUM(Stand!G5:G12)+4*Stand!G13+Stand!G36)/13 | H3: =2*(SUM(Stand!H5:H12)+4*Stand!H13+Stand!H36)/13 | I3: =2*(SUM(Stand!I5:I12)+4*Stand!I13+Stand!I36)/13 | ... K3: =2*(SUM(Stand!K5:K12)+4*Stand!K13+Stand!K36)/13
A4: 6 | B4: =2*(SUM(Stand!B6:B13)+4*Stand!B14+Stand!B37)/13 | C4: =2*(SUM(Stand!C6:C13)+4*Stand!C14+Stand!C37)/13 | D4: =2*(SUM(Stand!D6:D13)+4*Stand!D14+Stand!D37)/13 | E4: =2*(SUM(Stand!E6:E13)+4*Stand!E14+Stand!E37)/13 | F4: =2*(SUM(Stand!F6:F13)+4*Stand!F14+Stand!F37)/13 | G4: =2*(SUM(Stand!G6:G13)+4*Stand!G14+Stand!G37)/13 | H4: =2*(SUM(Stand!H6:H13)+4*Stand!H14+Stand!H37)/13 | I4: =2*(SUM(Stand!I6:I13)+4*Stand!I14+Stand!I37)/13 | ... K4: =2*(SUM(Stand!K6:K13)+4*Stand!K14+Stand!K37)/13
A5: 7 | B5: =2*(SUM(Stand!B7:B14)+4*Stand!B15+Stand!B38)/13 | C5: =2*(SUM(Stand!C7:C14)+4*Stand!C15+Stand!C38)/13 | D5: =2*(SUM(Stand!D7:D14)+4*Stand!D15+Stand!D38)/13 | E5: =2*(SUM(Stand!E7:E14)+4*Stand!E15+Stand!E38)/13 | F5: =2*(SUM(Stand!F7:F14)+4*Stand!F15+Stand!F38)/13 | G5: =2*(SUM(Stand!G7:G14)+4*Stand!G15+Stand!G38)/13 | H5: =2*(SUM(Stand!H7:H14)+4*Stand!H15+Stand!H38)/13 | I5: =2*(SUM(Stand!I7:I14)+4*Stand!I15+Stand!I38)/13 | ... K5: =2*(SUM(Stand!K7:K14)+4*Stand!K15+Stand!K38)/13
A6: 8 | B6: =2*(SUM(Stand!B8:B15)+4*Stand!B16+Stand!B39)/13 | C6: =2*(SUM(Stand!C8:C15)+4*Stand!C16+Stand!C39)/13 | D6: =2*(SUM(Stand!D8:D15)+4*Stand!D16+Stand!D39)/13 | E6: =2*(SUM(Stand!E8:E15)+4*Stand!E16+Stand!E39)/13 | F6: =2*(SUM(Stand!F8:F15)+4*Stand!F16+Stand!F39)/13 | G6: =2*(SUM(Stand!G8:G15)+4*Stand!G16+Stand!G39)/13 | H6: =2*(SUM(Stand!H8:H15)+4*Stand!H16+Stand!H39)/13 | I6: =2*(SUM(Stand!I8:I15)+4*Stand!I16+Stand!I39)/13 | ... K6: =2*(SUM(Stand!K8:K15)+4*Stand!K16+Stand!K39)/13
A7: 9 | B7: =2*(SUM(Stand!B9:B16)+4*Stand!B17+Stand!B40)/13 | C7: =2*(SUM(Stand!C9:C16)+4*Stand!C17+Stand!C40)/13 | D7: =2*(SUM(Stand!D9:D16)+4*Stand!D17+Stand!D40)/13 | E7: =2*(SUM(Stand!E9:E16)+4*Stand!E17+Stand!E40)/13 | F7: =2*(SUM(Stand!F9:F16)+4*Stand!F17+Stand!F40)/13 | G7: =2*(SUM(Stand!G9:G16)+4*Stand!G17+Stand!G40)/13 | H7: =2*(SUM(Stand!H9:H16)+4*Stand!H17+Stand!H40)/13 | I7: =2*(SUM(Stand!I9:I16)+4*Stand!I17+Stand!I40)/13 | ... K7: =2*(SUM(Stand!K9:K16)+4*Stand!K17+Stand!K40)/13
A8: 10 | B8: =2*(SUM(Stand!B10:B17)+4*Stand!B18+Stand!B41)/13 | C8: =2*(SUM(Stand!C10:C17)+4*Stand!C18+Stand!C41)/13 | D8: =2*(SUM(Stand!D10:D17)+4*Stand!D18+Stand!D41)/13 | E8: =2*(SUM(Stand!E10:E17)+4*Stand!E18+Stand!E41)/13 | F8: =2*(SUM(Stand!F10:F17)+4*Stand!F18+Stand!F41)/13 | G8: =2*(SUM(Stand!G10:G17)+4*Stand!G18+Stand!G41)/13 | H8: =2*(SUM(Stand!H10:H17)+4*Stand!H18+Stand!H41)/13 | I8: =2*(SUM(Stand!I10:I17)+4*Stand!I18+Stand!I41)/13 | ... K8: =2*(SUM(Stand!K10:K17)+4*Stand!K18+Stand!K41)/13
A9: 11 | B9: =2*(SUM(Stand!B11:B18)+4*Stand!B19+Stand!B42)/13 | C9: =2*(SUM(Stand!C11:C18)+4*Stand!C19+Stand!C42)/13 | D9: =2*(SUM(Stand!D11:D18)+4*Stand!D19+Stand!D42)/13 | E9: =2*(SUM(Stand!E11:E18)+4*Stand!E19+Stand!E42)/13 | F9: =2*(SUM(Stand!F11:F18)+4*Stand!F19+Stand!F42)/13 | G9: =2*(SUM(Stand!G11:G18)+4*Stand!G19+Stand!G42)/13 | H9: =2*(SUM(Stand!H11:H18)+4*Stand!H19+Stand!H42)/13 | I9: =2*(SUM(Stand!I11:I18)+4*Stand!I19+Stand!I42)/13 | ... K9: =2*(SUM(Stand!K11:K18)+4*Stand!K19+Stand!K42)/13
A10: 12 | B10: =2*(SUM(Stand!B11:B19)+4*Stand!B20)/13 | C10: =2*(SUM(Stand!C11:C19)+4*Stand!C20)/13 | D10: =2*(SUM(Stand!D11:D19)+4*Stand!D20)/13 | E10: =2*(SUM(Stand!E11:E19)+4*Stand!E20)/13 | F10: =2*(SUM(Stand!F11:F19)+4*Stand!F20)/13 | G10: =2*(SUM(Stand!G11:G19)+4*Stand!G20)/13 | H10: =2*(SUM(Stand!H11:H19)+4*Stand!H20)/13 | I10: =2*(SUM(Stand!I11:I19)+4*Stand!I20)/13 | ... K10: =2*(SUM(Stand!K11:K19)+4*Stand!K20)/13
A11: 13 | B11: =2*(SUM(Stand!B12:B20)+4*Stand!B21)/13 | C11: =2*(SUM(Stand!C12:C20)+4*Stand!C21)/13 | D11: =2*(SUM(Stand!D12:D20)+4*Stand!D21)/13 | E11: =2*(SUM(Stand!E12:E20)+4*Stand!E21)/13 | F11: =2*(SUM(Stand!F12:F20)+4*Stand!F21)/13 | G11: =2*(SUM(Stand!G12:G20)+4*Stand!G21)/13 | H11: =2*(SUM(Stand!H12:H20)+4*Stand!H21)/13 | I11: =2*(SUM(Stand!I12:I20)+4*Stand!I21)/13 | ... K11: =2*(SUM(Stand!K12:K20)+4*Stand!K21)/13
A12: 14 | B12: =2*(SUM(Stand!B13:B21)+4*Stand!B22)/13 | C12: =2*(SUM(Stand!C13:C21)+4*Stand!C22)/13 | D12: =2*(SUM(Stand!D13:D21)+4*Stand!D22)/13 | E12: =2*(SUM(Stand!E13:E21)+4*Stand!E22)/13 | F12: =2*(SUM(Stand!F13:F21)+4*Stand!F22)/13 | G12: =2*(SUM(Stand!G13:G21)+4*Stand!G22)/13 | H12: =2*(SUM(Stand!H13:H21)+4*Stand!H22)/13 | I12: =2*(SUM(Stand!I13:I21)+4*Stand!I22)/13 | ... K12: =2*(SUM(Stand!K13:K21)+4*Stand!K22)/13
A13: 15 | B13: =2*(SUM(Stand!B14:B22)+4*Stand!B23)/13 | C13: =2*(SUM(Stand!C14:C22)+4*Stand!C23)/13 | D13: =2*(SUM(Stand!D14:D22)+4*Stand!D23)/13 | E13: =2*(SUM(Stand!E14:E22)+4*Stand!E23)/13 | F13: =2*(SUM(Stand!F14:F22)+4*Stand!F23)/13 | G13: =2*(SUM(Stand!G14:G22)+4*Stand!G23)/13 | H13: =2*(SUM(Stand!H14:H22)+4*Stand!H23)/13 | I13: =2*(SUM(Stand!I14:I22)+4*Stand!I23)/13 | ... K13: =2*(SUM(Stand!K14:K22)+4*Stand!K23)/13
A14: 16 | B14: =2*(SUM(Stand!B15:B23)+4*Stand!B24)/13 | C14: =2*(SUM(Stand!C15:C23)+4*Stand!C24)/13 | D14: =2*(SUM(Stand!D15:D23)+4*Stand!D24)/13 | E14: =2*(SUM(Stand!E15:E23)+4*Stand!E24)/13 | F14: =2*(SUM(Stand!F15:F23)+4*Stand!F24)/13 | G14: =2*(SUM(Stand!G15:G23)+4*Stand!G24)/13 | H14: =2*(SUM(Stand!H15:H23)+4*Stand!H24)/13 | I14: =2*(SUM(Stand!I15:I23)+4*Stand!I24)/13 | ... K14: =2*(SUM(Stand!K15:K23)+4*Stand!K24)/13
A15: 17 | B15: =2*(SUM(Stand!B16:B24)+4*Stand!B25)/13 | C15: =2*(SUM(Stand!C16:C24)+4*Stand!C25)/13 | D15: =2*(SUM(Stand!D16:D24)+4*Stand!D25)/13 | E15: =2*(SUM(Stand!E16:E24)+4*Stand!E25)/13 | F15: =2*(SUM(Stand!F16:F24)+4*Stand!F25)/13 | G15: =2*(SUM(Stand!G16:G24)+4*Stand!G25)/13 | H15: =2*(SUM(Stand!H16:H24)+4*Stand!H25)/13 | I15: =2*(SUM(Stand!I16:I24)+4*Stand!I25)/13 | ... K15: =2*(SUM(Stand!K16:K24)+4*Stand!K25)/13
A16: 18 | B16: =2*(SUM(Stand!B17:B25)+4*Stand!B26)/13 | C16: =2*(SUM(Stand!C17:C25)+4*Stand!C26)/13 | D16: =2*(SUM(Stand!D17:D25)+4*Stand!D26)/13 | E16: =2*(SUM(Stand!E17:E25)+4*Stand!E26)/13 | F16: =2*(SUM(Stand!F17:F25)+4*Stand!F26)/13 | G16: =2*(SUM(Stand!G17:G25)+4*Stand!G26)/13 | H16: =2*(SUM(Stand!H17:H25)+4*Stand!H26)/13 | I16: =2*(SUM(Stand!I17:I25)+4*Stand!I26)/13 | ... K16: =2*(SUM(Stand!K17:K25)+4*Stand!K26)/13
A17: 19 | B17: =2*(SUM(Stand!B18:B26)+4*Stand!B27)/13 | C17: =2*(SUM(Stand!C18:C26)+4*Stand!C27)/13 | D17: =2*(SUM(Stand!D18:D26)+4*Stand!D27)/13 | E17: =2*(SUM(Stand!E18:E26)+4*Stand!E27)/13 | F17: =2*(SUM(Stand!F18:F26)+4*Stand!F27)/13 | G17: =2*(SUM(Stand!G18:G26)+4*Stand!G27)/13 | H17: =2*(SUM(Stand!H18:H26)+4*Stand!H27)/13 | I17: =2*(SUM(Stand!I18:I26)+4*Stand!I27)/13 | ... K17: =2*(SUM(Stand!K18:K26)+4*Stand!K27)/13
A18: 20 | B18: =2*(SUM(Stand!B19:B27)+4*Stand!B28)/13 | C18: =2*(SUM(Stand!C19:C27)+4*Stand!C28)/13 | D18: =2*(SUM(Stand!D19:D27)+4*Stand!D28)/13 | E18: =2*(SUM(Stand!E19:E27)+4*Stand!E28)/13 | F18: =2*(SUM(Stand!F19:F27)+4*Stand!F28)/13 | G18: =2*(SUM(Stand!G19:G27)+4*Stand!G28)/13 | H18: =2*(SUM(Stand!H19:H27)+4*Stand!H28)/13 | I18: =2*(SUM(Stand!I19:I27)+4*Stand!I28)/13 | ... K18: =2*(SUM(Stand!K19:K27)+4*Stand!K28)/13
A19: 21 | B19: =2*(SUM(Stand!B20:B28)+4*Stand!B29)/13 | C19: =2*(SUM(Stand!C20:C28)+4*Stand!C29)/13 | D19: =2*(SUM(Stand!D20:D28)+4*Stand!D29)/13 | E19: =2*(SUM(Stand!E20:E28)+4*Stand!E29)/13 | F19: =2*(SUM(Stand!F20:F28)+4*Stand!F29)/13 | G19: =2*(SUM(Stand!G20:G28)+4*Stand!G29)/13 | H19: =2*(SUM(Stand!H20:H28)+4*Stand!H29)/13 | I19: =2*(SUM(Stand!I20:I28)+4*Stand!I29)/13 | ... K19: =2*(SUM(Stand!K20:K28)+4*Stand!K29)/13
A20: 22 | B20: -2 | C20: -2 | D20: -2 | E20: -2 | F20: -2 | G20: -2 | H20: -2 | I20: -2 | J20: -2 | K20: -2
A21: 23 | B21: -2 | C21: -2 | D21: -2 | E21: -2 | F21: -2 | G21: -2 | H21: -2 | I21: -2 | J21: -2 | K21: -2
A22: 24 | B22: -2 | C22: -2 | D22: -2 | E22: -2 | F22: -2 | G22: -2 | H22: -2 | I22: -2 | J22: -2 | K22: -2
A23: 25 | B23: -2 | C23: -2 | D23: -2 | E23: -2 | F23: -2 | G23: -2 | H23: -2 | I23: -2 | J23: -2 | K23: -2
A24: 26 | B24: -2 | C24: -2 | D24: -2 | E24: -2 | F24: -2 | G24: -2 | H24: -2 | I24: -2 | J24: -2 | K24: -2
A25: 27 | B25: -2 | C25: -2 | D25: -2 | E25: -2 | F25: -2 | G25: -2 | H25: -2 | I25: -2 | J25: -2 | K25: -2
A26: 28 | B26: -2 | C26: -2 | D26: -2 | E26: -2 | F26: -2 | G26: -2 | H26: -2 | I26: -2 | J26: -2 | K26: -2
A27: 29 | B27: -2 | C27: -2 | D27: -2 | E27: -2 | F27: -2 | G27: -2 | H27: -2 | I27: -2 | J27: -2 | K27: -2
A28: 30 | B28: -2 | C28: -2 | D28: -2 | E28: -2 | F28: -2 | G28: -2 | H28: -2 | I28: -2 | J28: -2 | K28: -2
A29: 31 | B29: -2 | C29: -2 | D29: -2 | E29: -2 | F29: -2 | G29: -2 | H29: -2 | I29: -2 | J29: -2 | K29: -2
A31: Soft
A32: 12 | B32: =2*(SUM(Stand!B33:B41)+4*Stand!B42)/13 | C32: =2*(SUM(Stand!C33:C41)+4*Stand!C42)/13 | D32: =2*(SUM(Stand!D33:D41)+4*Stand!D42)/13 | E32: =2*(SUM(Stand!E33:E41)+4*Stand!E42)/13 | F32: =2*(SUM(Stand!F33:F41)+4*Stand!F42)/13 | G32: =2*(SUM(Stand!G33:G41)+4*Stand!G42)/13 | H32: =2*(SUM(Stand!H33:H41)+4*Stand!H42)/13 | I32: =2*(SUM(Stand!I33:I41)+4*Stand!I42)/13 | ... K32: =2*(SUM(Stand!K33:K41)+4*Stand!K42)/13
A33: 13 | B33: =2*(SUM(Stand!B34:B42)+4*Stand!B43)/13 | C33: =2*(SUM(Stand!C34:C42)+4*Stand!C43)/13 | D33: =2*(SUM(Stand!D34:D42)+4*Stand!D43)/13 | E33: =2*(SUM(Stand!E34:E42)+4*Stand!E43)/13 | F33: =2*(SUM(Stand!F34:F42)+4*Stand!F43)/13 | G33: =2*(SUM(Stand!G34:G42)+4*Stand!G43)/13 | H33: =2*(SUM(Stand!H34:H42)+4*Stand!H43)/13 | I33: =2*(SUM(Stand!I34:I42)+4*Stand!I43)/13 | ... K33: =2*(SUM(Stand!K34:K42)+4*Stand!K43)/13
A34: 14 | B34: =2*(SUM(Stand!B35:B43)+4*Stand!B44)/13 | C34: =2*(SUM(Stand!C35:C43)+4*Stand!C44)/13 | D34: =2*(SUM(Stand!D35:D43)+4*Stand!D44)/13 | E34: =2*(SUM(Stand!E35:E43)+4*Stand!E44)/13 | F34: =2*(SUM(Stand!F35:F43)+4*Stand!F44)/13 | G34: =2*(SUM(Stand!G35:G43)+4*Stand!G44)/13 | H34: =2*(SUM(Stand!H35:H43)+4*Stand!H44)/13 | I34: =2*(SUM(Stand!I35:I43)+4*Stand!I44)/13 | ... K34: =2*(SUM(Stand!K35:K43)+4*Stand!K44)/13
A35: 15 | B35: =2*(SUM(Stand!B36:B44)+4*Stand!B45)/13 | C35: =2*(SUM(Stand!C36:C44)+4*Stand!C45)/13 | D35: =2*(SUM(Stand!D36:D44)+4*Stand!D45)/13 | E35: =2*(SUM(Stand!E36:E44)+4*Stand!E45)/13 | F35: =2*(SUM(Stand!F36:F44)+4*Stand!F45)/13 | G35: =2*(SUM(Stand!G36:G44)+4*Stand!G45)/13 | H35: =2*(SUM(Stand!H36:H44)+4*Stand!H45)/13 | I35: =2*(SUM(Stand!I36:I44)+4*Stand!I45)/13 | ... K35: =2*(SUM(Stand!K36:K44)+4*Stand!K45)/13
A36: 16 | B36: =2*(SUM(Stand!B37:B45)+4*Stand!B46)/13 | C36: =2*(SUM(Stand!C37:C45)+4*Stand!C46)/13 | D36: =2*(SUM(Stand!D37:D45)+4*Stand!D46)/13 | E36: =2*(SUM(Stand!E37:E45)+4*Stand!E46)/13 | F36: =2*(SUM(Stand!F37:F45)+4*Stand!F46)/13 | G36: =2*(SUM(Stand!G37:G45)+4*Stand!G46)/13 | H36: =2*(SUM(Stand!H37:H45)+4*Stand!H46)/13 | I36: =2*(SUM(Stand!I37:I45)+4*Stand!I46)/13 | ... K36: =2*(SUM(Stand!K37:K45)+4*Stand!K46)/13
A37: 17 | B37: =2*(SUM(Stand!B38:B46)+4*Stand!B47)/13 | C37: =2*(SUM(Stand!C38:C46)+4*Stand!C47)/13 | D37: =2*(SUM(Stand!D38:D46)+4*Stand!D47)/13 | E37: =2*(SUM(Stand!E38:E46)+4*Stand!E47)/13 | F37: =2*(SUM(Stand!F38:F46)+4*Stand!F47)/13 | G37: =2*(SUM(Stand!G38:G46)+4*Stand!G47)/13 | H37: =2*(SUM(Stand!H38:H46)+4*Stand!H47)/13 | I37: =2*(SUM(Stand!I38:I46)+4*Stand!I47)/13 | ... K37: =2*(SUM(Stand!K38:K46)+4*Stand!K47)/13
A38: 18 | B38: =2*(SUM(Stand!B39:B47)+4*Stand!B48)/13 | C38: =2*(SUM(Stand!C39:C47)+4*Stand!C48)/13 | D38: =2*(SUM(Stand!D39:D47)+4*Stand!D48)/13 | E38: =2*(SUM(Stand!E39:E47)+4*Stand!E48)/13 | F38: =2*(SUM(Stand!F39:F47)+4*Stand!F48)/13 | G38: =2*(SUM(Stand!G39:G47)+4*Stand!G48)/13 | H38: =2*(SUM(Stand!H39:H47)+4*Stand!H48)/13 | I38: =2*(SUM(Stand!I39:I47)+4*Stand!I48)/13 | ... K38: =2*(SUM(Stand!K39:K47)+4*Stand!K48)/13
A39: 19 | B39: =2*(SUM(Stand!B40:B48)+4*Stand!B49)/13 | C39: =2*(SUM(Stand!C40:C48)+4*Stand!C49)/13 | D39: =2*(SUM(Stand!D40:D48)+4*Stand!D49)/13 | E39: =2*(SUM(Stand!E40:E48)+4*Stand!E49)/13 | F39: =2*(SUM(Stand!F40:F48)+4*Stand!F49)/13 | G39: =2*(SUM(Stand!G40:G48)+4*Stand!G49)/13 | H39: =2*(SUM(Stand!H40:H48)+4*Stand!H49)/13 | I39: =2*(SUM(Stand!I40:I48)+4*Stand!I49)/13 | ... K39: =2*(SUM(Stand!K40:K48)+4*Stand!K49)/13
A40: 20 | B40: =2*(SUM(Stand!B41:B49)+4*Stand!B50)/13 | C40: =2*(SUM(Stand!C41:C49)+4*Stand!C50)/13 | D40: =2*(SUM(Stand!D41:D49)+4*Stand!D50)/13 | E40: =2*(SUM(Stand!E41:E49)+4*Stand!E50)/13 | F40: =2*(SUM(Stand!F41:F49)+4*Stand!F50)/13 | G40: =2*(SUM(Stand!G41:G49)+4*Stand!G50)/13 | H40: =2*(SUM(Stand!H41:H49)+4*Stand!H50)/13 | I40: =2*(SUM(Stand!I41:I49)+4*Stand!I50)/13 | ... K40: =2*(SUM(Stand!K41:K49)+4*Stand!K50)/13
A41: 21 | B41: =2*(SUM(Stand!B42:B50)+4*Stand!B51)/13 | C41: =2*(SUM(Stand!C42:C50)+4*Stand!C51)/13 | D41: =2*(SUM(Stand!D42:D50)+4*Stand!D51)/13 | E41: =2*(SUM(Stand!E42:E50)+4*Stand!E51)/13 | F41: =2*(SUM(Stand!F42:F50)+4*Stand!F51)/13 | G41: =2*(SUM(Stand!G42:G50)+4*Stand!G51)/13 | H41: =2*(SUM(Stand!H42:H50)+4*Stand!H51)/13 | I41: =2*(SUM(Stand!I42:I50)+4*Stand!I51)/13 | ... K41: =2*(SUM(Stand!K42:K50)+4*Stand!K51)/13
A42: 22 | B42: =B10 | C42: =C10 | D42: =D10 | E42: =E10 | F42: =F10 | G42: =G10 | H42: =H10 | I42: =I10 | ... K42: =K10
A43: 23 | B43: =B11 | C43: =C11 | D43: =D11 | E43: =E11 | F43: =F11 | G43: =G11 | H43: =H11 | I43: =I11 | ... K43: =K11
A44: 24 | B44: =B12 | C44: =C12 | D44: =D12 | E44: =E12 | F44: =F12 | G44: =G12 | H44: =H12 | I44: =I12 | ... K44: =K12
A45: 25 | B45: =B13 | C45: =C13 | D45: =D13 | E45: =E13 | F45: =F13 | G45: =G13 | H45: =H13 | I45: =I13 | ... K45: =K13
A46: 26 | B46: =B14 | C46: =C14 | D46: =D14 | E46: =E14 | F46: =F14 | G46: =G14 | H46: =H14 | I46: =I14 | ... K46: =K14
A47: 27 | B47: =B15 | C47: =C15 | D47: =D15 | E47: =E15 | F47: =F15 | G47: =G15 | H47: =H15 | I47: =I15 | ... K47: =K15
A48: 28 | B48: =B16 | C48: =C16 | D48: =D16 | E48: =E16 | F48: =F16 | G48: =G16 | H48: =H16 | I48: =I16 | ... K48: =K16
A49: 29 | B49: =B17 | C49: =C17 | D49: =D17 | E49: =E17 | F49: =F17 | G49: =G17 | H49: =H17 | I49: =I17 | ... K49: =K17
A50: 30 | B50: =B18 | C50: =C18 | D50: =D18 | E50: =E18 | F50: =F18 | G50: =G18 | H50: =H18 | I50: =I18 | ... K50: =K18
A51: 31 | B51: =B19 | C51: =C19 | D51: =D19 | E51: =E19 | F51: =F19 | G51: =G19 | H51: =H19 | I51: =I19 | ... K51: =K19

Sheet HSD
A1: Hard | B1: 2 | C1: 3 | D1: 4 | E1: 5 | F1: 6 | G1: 7 | H1: 8 | I1: 9 | J1: 10 | K1: Ace | M1: Hard | N1: 2 | O1: 3 | P1: 4 | Q1: 5 | R1: 6 | S1: 7 | T1: 8 | U1: 9 | V1: 10 | W1: Ace
A2: 4 | B2: =MAX(Hit!B2,Stand!B2,Double!B2) | C2: =MAX(Hit!C2,Stand!C2,Double!C2) | D2: =MAX(Hit!D2,Stand!D2,Double!D2) | E2: =MAX(Hit!E2,Stand!E2,Double!E2) | F2: =MAX(Hit!F2,Stand!F2,Double!F2) | G2: =MAX(Hit!G2,Stand!G2,Double!G2) | H2: =MAX(Hit!H2,Stand!H2,Double!H2) | I2: =MAX(Hit!I2,Stand!I2,Double!I2) | ... K2: =MAX(Hit!K2,Stand!K2,Double!K2) | M2: 4 | N2: =IF(B2=Stand!B2,"S",IF(B2=Double!B2,"D","H")) | O2: =IF(C2=Stand!C2,"S",IF(C2=Double!C2,"D","H")) | P2: =IF(D2=Stand!D2,"S",IF(D2=Double!D2,"D","H")) | Q2: =IF(E2=Stand!E2,"S",IF(E2=Double!E2,"D","H")) | R2: =IF(F2=Stand!F2,"S",IF(F2=Double!F2,"D","H")) | S2: =IF(G2=Stand!G2,"S",IF(G2=Double!G2,"D","H")) | T2: =IF(H2=Stand!H2,"S",IF(H2=Double!H2,"D","H")) | U2: =IF(I2=Stand!I2,"S",IF(I2=Double!I2,"D","H")) | ... W2: =IF(K2=Stand!K2,"S",IF(K2=Double!K2,"D","H"))
A3: 5 | B3: =MAX(Hit!B3,Stand!B3,Double!B3) | C3: =MAX(Hit!C3,Stand!C3,Double!C3) | D3: =MAX(Hit!D3,Stand!D3,Double!D3) | E3: =MAX(Hit!E3,Stand!E3,Double!E3) | F3: =MAX(Hit!F3,Stand!F3,Double!F3) | G3: =MAX(Hit!G3,Stand!G3,Double!G3) | H3: =MAX(Hit!H3,Stand!H3,Double!H3) | I3: =MAX(Hit!I3,Stand!I3,Double!I3) | ... K3: =MAX(Hit!K3,Stand!K3,Double!K3) | M3: 5 | N3: =IF(B3=Stand!B3,"S",IF(B3=Double!B3,"D","H")) | O3: =IF(C3=Stand!C3,"S",IF(C3=Double!C3,"D","H")) | P3: =IF(D3=Stand!D3,"S",IF(D3=Double!D3,"D","H")) | Q3: =IF(E3=Stand!E3,"S",IF(E3=Double!E3,"D","H")) | R3: =IF(F3=Stand!F3,"S",IF(F3=Double!F3,"D","H")) | S3: =IF(G3=Stand!G3,"S",IF(G3=Double!G3,"D","H")) | T3: =IF(H3=Stand!H3,"S",IF(H3=Double!H3,"D","H")) | U3: =IF(I3=Stand!I3,"S",IF(I3=Double!I3,"D","H")) | ... W3: =IF(K3=Stand!K3,"S",IF(K3=Double!K3,"D","H"))
A4: 6 | B4: =MAX(Hit!B4,Stand!B4,Double!B4) | C4: =MAX(Hit!C4,Stand!C4,Double!C4) | D4: =MAX(Hit!D4,Stand!D4,Double!D4) | E4: =MAX(Hit!E4,Stand!E4,Double!E4) | F4: =MAX(Hit!F4,Stand!F4,Double!F4) | G4: =MAX(Hit!G4,Stand!G4,Double!G4) | H4: =MAX(Hit!H4,Stand!H4,Double!H4) | I4: =MAX(Hit!I4,Stand!I4,Double!I4) | ... K4: =MAX(Hit!K4,Stand!K4,Double!K4) | M4: 6 | N4: =IF(B4=Stand!B4,"S",IF(B4=Double!B4,"D","H")) | O4: =IF(C4=Stand!C4,"S",IF(C4=Double!C4,"D","H")) | P4: =IF(D4=Stand!D4,"S",IF(D4=Double!D4,"D","H")) | Q4: =IF(E4=Stand!E4,"S",IF(E4=Double!E4,"D","H")) | R4: =IF(F4=Stand!F4,"S",IF(F4=Double!F4,"D","H")) | S4: =IF(G4=Stand!G4,"S",IF(G4=Double!G4,"D","H")) | T4: =IF(H4=Stand!H4,"S",IF(H4=Double!H4,"D","H")) | U4: =IF(I4=Stand!I4,"S",IF(I4=Double!I4,"D","H")) | ... W4: =IF(K4=Stand!K4,"S",IF(K4=Double!K4,"D","H"))
A5: 7 | B5: =MAX(Hit!B5,Stand!B5,Double!B5) | C5: =MAX(Hit!C5,Stand!C5,Double!C5) | D5: =MAX(Hit!D5,Stand!D5,Double!D5) | E5: =MAX(Hit!E5,Stand!E5,Double!E5) | F5: =MAX(Hit!F5,Stand!F5,Double!F5) | G5: =MAX(Hit!G5,Stand!G5,Double!G5) | H5: =MAX(Hit!H5,Stand!H5,Double!H5) | I5: =MAX(Hit!I5,Stand!I5,Double!I5) | ... K5: =MAX(Hit!K5,Stand!K5,Double!K5) | M5: 7 | N5: =IF(B5=Stand!B5,"S",IF(B5=Double!B5,"D","H")) | O5: =IF(C5=Stand!C5,"S",IF(C5=Double!C5,"D","H")) | P5: =IF(D5=Stand!D5,"S",IF(D5=Double!D5,"D","H")) | Q5: =IF(E5=Stand!E5,"S",IF(E5=Double!E5,"D","H")) | R5: =IF(F5=Stand!F5,"S",IF(F5=Double!F5,"D","H")) | S5: =IF(G5=Stand!G5,"S",IF(G5=Double!G5,"D","H")) | T5: =IF(H5=Stand!H5,"S",IF(H5=Double!H5,"D","H")) | U5: =IF(I5=Stand!I5,"S",IF(I5=Double!I5,"D","H")) | ... W5: =IF(K5=Stand!K5,"S",IF(K5=Double!K5,"D","H"))
A6: 8 | B6: =MAX(Hit!B6,Stand!B6,Double!B6) | C6: =MAX(Hit!C6,Stand!C6,Double!C6) | D6: =MAX(Hit!D6,Stand!D6,Double!D6) | E6: =MAX(Hit!E6,Stand!E6,Double!E6) | F6: =MAX(Hit!F6,Stand!F6,Double!F6) | G6: =MAX(Hit!G6,Stand!G6,Double!G6) | H6: =MAX(Hit!H6,Stand!H6,Double!H6) | I6: =MAX(Hit!I6,Stand!I6,Double!I6) | ... K6: =MAX(Hit!K6,Stand!K6,Double!K6) | M6: 8 | N6: =IF(B6=Stand!B6,"S",IF(B6=Double!B6,"D","H")) | O6: =IF(C6=Stand!C6,"S",IF(C6=Double!C6,"D","H")) | P6: =IF(D6=Stand!D6,"S",IF(D6=Double!D6,"D","H")) | Q6: =IF(E6=Stand!E6,"S",IF(E6=Double!E6,"D","H")) | R6: =IF(F6=Stand!F6,"S",IF(F6=Double!F6,"D","H")) | S6: =IF(G6=Stand!G6,"S",IF(G6=Double!G6,"D","H")) | T6: =IF(H6=Stand!H6,"S",IF(H6=Double!H6,"D","H")) | U6: =IF(I6=Stand!I6,"S",IF(I6=Double!I6,"D","H")) | ... W6: =IF(K6=Stand!K6,"S",IF(K6=Double!K6,"D","H"))
A7: 9 | B7: =MAX(Hit!B7,Stand!B7,Double!B7) | C7: =MAX(Hit!C7,Stand!C7,Double!C7) | D7: =MAX(Hit!D7,Stand!D7,Double!D7) | E7: =MAX(Hit!E7,Stand!E7,Double!E7) | F7: =MAX(Hit!F7,Stand!F7,Double!F7) | G7: =MAX(Hit!G7,Stand!G7,Double!G7) | H7: =MAX(Hit!H7,Stand!H7,Double!H7) | I7: =MAX(Hit!I7,Stand!I7,Double!I7) | ... K7: =MAX(Hit!K7,Stand!K7,Double!K7) | M7: 9 | N7: =IF(B7=Stand!B7,"S",IF(B7=Double!B7,"D","H")) | O7: =IF(C7=Stand!C7,"S",IF(C7=Double!C7,"D","H")) | P7: =IF(D7=Stand!D7,"S",IF(D7=Double!D7,"D","H")) | Q7: =IF(E7=Stand!E7,"S",IF(E7=Double!E7,"D","H")) | R7: =IF(F7=Stand!F7,"S",IF(F7=Double!F7,"D","H")) | S7: =IF(G7=Stand!G7,"S",IF(G7=Double!G7,"D","H")) | T7: =IF(H7=Stand!H7,"S",IF(H7=Double!H7,"D","H")) | U7: =IF(I7=Stand!I7,"S",IF(I7=Double!I7,"D","H")) | ... W7: =IF(K7=Stand!K7,"S",IF(K7=Double!K7,"D","H"))
A8: 10 | B8: =MAX(Hit!B8,Stand!B8,Double!B8) | C8: =MAX(Hit!C8,Stand!C8,Double!C8) | D8: =MAX(Hit!D8,Stand!D8,Double!D8) | E8: =MAX(Hit!E8,Stand!E8,Double!E8) | F8: =MAX(Hit!F8,Stand!F8,Double!F8) | G8: =MAX(Hit!G8,Stand!G8,Double!G8) | H8: =MAX(Hit!H8,Stand!H8,Double!H8) | I8: =MAX(Hit!I8,Stand!I8,Double!I8) | ... K8: =MAX(Hit!K8,Stand!K8,Double!K8) | M8: 10 | N8: =IF(B8=Stand!B8,"S",IF(B8=Double!B8,"D","H")) | O8: =IF(C8=Stand!C8,"S",IF(C8=Double!C8,"D","H")) | P8: =IF(D8=Stand!D8,"S",IF(D8=Double!D8,"D","H")) | Q8: =IF(E8=Stand!E8,"S",IF(E8=Double!E8,"D","H")) | R8: =IF(F8=Stand!F8,"S",IF(F8=Double!F8,"D","H")) | S8: =IF(G8=Stand!G8,"S",IF(G8=Double!G8,"D","H")) | T8: =IF(H8=Stand!H8,"S",IF(H8=Double!H8,"D","H")) | U8: =IF(I8=Stand!I8,"S",IF(I8=Double!I8,"D","H")) | ... W8: =IF(K8=Stand!K8,"S",IF(K8=Double!K8,"D","H"))
A9: 11 | B9: =MAX(Hit!B9,Stand!B9,Double!B9) | C9: =MAX(Hit!C9,Stand!C9,Double!C9) | D9: =MAX(Hit!D9,Stand!D9,Double!D9) | E9: =MAX(Hit!E9,Stand!E9,Double!E9) | F9: =MAX(Hit!F9,Stand!F9,Double!F9) | G9: =MAX(Hit!G9,Stand!G9,Double!G9) | H9: =MAX(Hit!H9,Stand!H9,Double!H9) | I9: =MAX(Hit!I9,Stand!I9,Double!I9) | ... K9: =MAX(Hit!K9,Stand!K9,Double!K9) | M9: 11 | N9: =IF(B9=Stand!B9,"S",IF(B9=Double!B9,"D","H")) | O9: =IF(C9=Stand!C9,"S",IF(C9=Double!C9,"D","H")) | P9: =IF(D9=Stand!D9,"S",IF(D9=Double!D9,"D","H")) | Q9: =IF(E9=Stand!E9,"S",IF(E9=Double!E9,"D","H")) | R9: =IF(F9=Stand!F9,"S",IF(F9=Double!F9,"D","H")) | S9: =IF(G9=Stand!G9,"S",IF(G9=Double!G9,"D","H")) | T9: =IF(H9=Stand!H9,"S",IF(H9=Double!H9,"D","H")) | U9: =IF(I9=Stand!I9,"S",IF(I9=Double!I9,"D","H")) | ... W9: =IF(K9=Stand!K9,"S",IF(K9=Double!K9,"D","H"))
A10: 12 | B10: =MAX(Hit!B10,Stand!B10,Double!B10) | C10: =MAX(Hit!C10,Stand!C10,Double!C10) | D10: =MAX(Hit!D10,Stand!D10,Double!D10) | E10: =MAX(Hit!E10,Stand!E10,Double!E10) | F10: =MAX(Hit!F10,Stand!F10,Double!F10) | G10: =MAX(Hit!G10,Stand!G10,Double!G10) | H10: =MAX(Hit!H10,Stand!H10,Double!H10) | I10: =MAX(Hit!I10,Stand!I10,Double!I10) | ... K10: =MAX(Hit!K10,Stand!K10,Double!K10) | M10: 12 | N10: =IF(B10=Stand!B10,"S",IF(B10=Double!B10,"D","H")) | O10: =IF(C10=Stand!C10,"S",IF(C10=Double!C10,"D","H")) | P10: =IF(D10=Stand!D10,"S",IF(D10=Double!D10,"D","H")) | Q10: =IF(E10=Stand!E10,"S",IF(E10=Double!E10,"D","H")) | R10: =IF(F10=Stand!F10,"S",IF(F10=Double!F10,"D","H")) | S10: =IF(G10=Stand!G10,"S",IF(G10=Double!G10,"D","H")) | T10: =IF(H10=Stand!H10,"S",IF(H10=Double!H10,"D","H")) | U10: =IF(I10=Stand!I10,"S",IF(I10=Double!I10,"D","H")) | ... W10: =IF(K10=Stand!K10,"S",IF(K10=Double!K10,"D","H"))
A11: 13 | B11: =MAX(Hit!B11,Stand!B11,Double!B11) | C11: =MAX(Hit!C11,Stand!C11,Double!C11) | D11: =MAX(Hit!D11,Stand!D11,Double!D11) | E11: =MAX(Hit!E11,Stand!E11,Double!E11) | F11: =MAX(Hit!F11,Stand!F11,Double!F11) | G11: =MAX(Hit!G11,Stand!G11,Double!G11) | H11: =MAX(Hit!H11,Stand!H11,Double!H11) | I11: =MAX(Hit!I11,Stand!I11,Double!I11) | ... K11: =MAX(Hit!K11,Stand!K11,Double!K11) | M11: 13 | N11: =IF(B11=Stand!B11,"S",IF(B11=Double!B11,"D","H")) | O11: =IF(C11=Stand!C11,"S",IF(C11=Double!C11,"D","H")) | P11: =IF(D11=Stand!D11,"S",IF(D11=Double!D11,"D","H")) | Q11: =IF(E11=Stand!E11,"S",IF(E11=Double!E11,"D","H")) | R11: =IF(F11=Stand!F11,"S",IF(F11=Double!F11,"D","H")) | S11: =IF(G11=Stand!G11,"S",IF(G11=Double!G11,"D","H")) | T11: =IF(H11=Stand!H11,"S",IF(H11=Double!H11,"D","H")) | U11: =IF(I11=Stand!I11,"S",IF(I11=Double!I11,"D","H")) | ... W11: =IF(K11=Stand!K11,"S",IF(K11=Double!K11,"D","H"))
A12: 14 | B12: =MAX(Hit!B12,Stand!B12,Double!B12) | C12: =MAX(Hit!C12,Stand!C12,Double!C12) | D12: =MAX(Hit!D12,Stand!D12,Double!D12) | E12: =MAX(Hit!E12,Stand!E12,Double!E12) | F12: =MAX(Hit!F12,Stand!F12,Double!F12) | G12: =MAX(Hit!G12,Stand!G12,Double!G12) | H12: =MAX(Hit!H12,Stand!H12,Double!H12) | I12: =MAX(Hit!I12,Stand!I12,Double!I12) | ... K12: =MAX(Hit!K12,Stand!K12,Double!K12) | M12: 14 | N12: =IF(B12=Stand!B12,"S",IF(B12=Double!B12,"D","H")) | O12: =IF(C12=Stand!C12,"S",IF(C12=Double!C12,"D","H")) | P12: =IF(D12=Stand!D12,"S",IF(D12=Double!D12,"D","H")) | Q12: =IF(E12=Stand!E12,"S",IF(E12=Double!E12,"D","H")) | R12: =IF(F12=Stand!F12,"S",IF(F12=Double!F12,"D","H")) | S12: =IF(G12=Stand!G12,"S",IF(G12=Double!G12,"D","H")) | T12: =IF(H12=Stand!H12,"S",IF(H12=Double!H12,"D","H")) | U12: =IF(I12=Stand!I12,"S",IF(I12=Double!I12,"D","H")) | ... W12: =IF(K12=Stand!K12,"S",IF(K12=Double!K12,"D","H"))
A13: 15 | B13: =MAX(Hit!B13,Stand!B13,Double!B13) | C13: =MAX(Hit!C13,Stand!C13,Double!C13) | D13: =MAX(Hit!D13,Stand!D13,Double!D13) | E13: =MAX(Hit!E13,Stand!E13,Double!E13) | F13: =MAX(Hit!F13,Stand!F13,Double!F13) | G13: =MAX(Hit!G13,Stand!G13,Double!G13) | H13: =MAX(Hit!H13,Stand!H13,Double!H13) | I13: =MAX(Hit!I13,Stand!I13,Double!I13) | ... K13: =MAX(Hit!K13,Stand!K13,Double!K13) | M13: 15 | N13: =IF(B13=Stand!B13,"S",IF(B13=Double!B13,"D","H")) | O13: =IF(C13=Stand!C13,"S",IF(C13=Double!C13,"D","H")) | P13: =IF(D13=Stand!D13,"S",IF(D13=Double!D13,"D","H")) | Q13: =IF(E13=Stand!E13,"S",IF(E13=Double!E13,"D","H")) | R13: =IF(F13=Stand!F13,"S",IF(F13=Double!F13,"D","H")) | S13: =IF(G13=Stand!G13,"S",IF(G13=Double!G13,"D","H")) | T13: =IF(H13=Stand!H13,"S",IF(H13=Double!H13,"D","H")) | U13: =IF(I13=Stand!I13,"S",IF(I13=Double!I13,"D","H")) | ... W13: =IF(K13=Stand!K13,"S",IF(K13=Double!K13,"D","H"))
... A19: 21 | B19: =MAX(Hit!B19,Stand!B19,Double!B19) | C19: =MAX(Hit!C19,Stand!C19,Double!C19) | D19: =MAX(Hit!D19,Stand!D19,Double!D19) | E19: =MAX(Hit!E19,Stand!E19,Double!E19) | F19: =MAX(Hit!F19,Stand!F19,Double!F19) | G19: =MAX(Hit!G19,Stand!G19,Double!G19) | H19: =MAX(Hit!H19,Stand!H19,Double!H19) | I19: =MAX(Hit!I19,Stand!I19,Double!I19) | ... K19: =MAX(Hit!K19,Stand!K19,Double!K19) | M19: 21 | N19: =IF(B19=Stand!B19,"S",IF(B19=Double!B19,"D","H")) | O19: =IF(C19=Stand!C19,"S",IF(C19=Double!C19,"D","H")) | P19: =IF(D19=Stand!D19,"S",IF(D19=Double!D19,"D","H")) | Q19: =IF(E19=Stand!E19,"S",IF(E19=Double!E19,"D","H")) | R19: =IF(F19=Stand!F19,"S",IF(F19=Double!F19,"D","H")) | S19: =IF(G19=Stand!G19,"S",IF(G19=Double!G19,"D","H")) | T19: =IF(H19=Stand!H19,"S",IF(H19=Double!H19,"D","H")) | U19: =IF(I19=Stand!I19,"S",IF(I19=Double!I19,"D","H")) | ... W19: =IF(K19=Stand!K19,"S",IF(K19=Double!K19,"D","H"))
A20: 22 | B20: -1 | C20: -1 | D20: -1 | E20: -1 | F20: -1 | G20: -1 | H20: -1 | I20: -1 | J20: -1 | K20: -1
A21: 23 | B21: -1 | C21: -1 | D21: -1 | E21: -1 | F21: -1 | G21: -1 | H21: -1 | I21: -1 | J21: -1 | K21: -1
A22: 24 | B22: -1 | C22: -1 | D22: -1 | E22: -1 | F22: -1 | G22: -1 | H22: -1 | I22: -1 | J22: -1 | K22: -1
A23: 25 | B23: -1 | C23: -1 | D23: -1 | E23: -1 | F23: -1 | G23: -1 | H23: -1 | I23: -1 | J23: -1 | K23: -1
A24: 26 | B24: -1 | C24: -1 | D24: -1 | E24: -1 | F24: -1 | G24: -1 | H24: -1 | I24: -1 | J24: -1 | K24: -1
A25: 27 | B25: -1 | C25: -1 | D25: -1 | E25: -1 | F25: -1 | G25: -1 | H25: -1 | I25: -1 | J25: -1 | K25: -1
A26: 28 | B26: -1 | C26: -1 | D26: -1 | E26: -1 | F26: -1 | G26: -1 | H26: -1 | I26: -1 | J26: -1 | K26: -1
A27: 29 | B27: -1 | C27: -1 | D27: -1 | E27: -1 | F27: -1 | G27: -1 | H27: -1 | I27: -1 | J27: -1 | K27: -1
A28: 30 | B28: -1 | C28: -1 | D28: -1 | E28: -1 | F28: -1 | G28: -1 | H28: -1 | I28: -1 | J28: -1 | K28: -1
A29: 31 | B29: -1 | C29: -1 | D29: -1 | E29: -1 | F29: -1 | G29: -1 | H29: -1 | I29: -1 | J29: -1 | K29: -1
A31: Soft | M31: Soft
A32: 12 | B32: =MAX(Hit!B32,Stand!B32,Double!B32) | C32: =MAX(Hit!C32,Stand!C32,Double!C32) | D32: =MAX(Hit!D32,Stand!D32,Double!D32) | E32: =MAX(Hit!E32,Stand!E32,Double!E32) | F32: =MAX(Hit!F32,Stand!F32,Double!F32) | G32: =MAX(Hit!G32,Stand!G32,Double!G32) | H32: =MAX(Hit!H32,Stand!H32,Double!H32) | I32: =MAX(Hit!I32,Stand!I32,Double!I32) | ... K32: =MAX(Hit!K32,Stand!K32,Double!K32) | M32: 12 | N32: =IF(B32=Stand!B32,"S",IF(B32=Double!B32,"D","H")) | O32: =IF(C32=Stand!C32,"S",IF(C32=Double!C32,"D","H")) | P32: =IF(D32=Stand!D32,"S",IF(D32=Double!D32,"D","H")) | Q32: =IF(E32=Stand!E32,"S",IF(E32=Double!E32,"D","H")) | R32: =IF(F32=Stand!F32,"S",IF(F32=Double!F32,"D","H")) | S32: =IF(G32=Stand!G32,"S",IF(G32=Double!G32,"D","H")) | T32: =IF(H32=Stand!H32,"S",IF(H32=Double!H32,"D","H")) | U32: =IF(I32=Stand!I32,"S",IF(I32=Double!I32,"D","H")) | ... W32: =IF(K32=Stand!K32,"S",IF(K32=Double!K32,"D","H"))
A33: 13 | B33: =MAX(Hit!B33,Stand!B33,Double!B33) | C33: =MAX(Hit!C33,Stand!C33,Double!C33) | D33: =MAX(Hit!D33,Stand!D33,Double!D33) | E33: =MAX(Hit!E33,Stand!E33,Double!E33) | F33: =MAX(Hit!F33,Stand!F33,Double!F33) | G33: =MAX(Hit!G33,Stand!G33,Double!G33) | H33: =MAX(Hit!H33,Stand!H33,Double!H33) | I33: =MAX(Hit!I33,Stand!I33,Double!I33) | ... K33: =MAX(Hit!K33,Stand!K33,Double!K33) | M33: 13 | N33: =IF(B33=Stand!B33,"S",IF(B33=Double!B33,"D","H")) | O33: =IF(C33=Stand!C33,"S",IF(C33=Double!C33,"D","H")) | P33: =IF(D33=Stand!D33,"S",IF(D33=Double!D33,"D","H")) | Q33: =IF(E33=Stand!E33,"S",IF(E33=Double!E33,"D","H")) | R33: =IF(F33=Stand!F33,"S",IF(F33=Double!F33,"D","H")) | S33: =IF(G33=Stand!G33,"S",IF(G33=Double!G33,"D","H")) | T33: =IF(H33=Stand!H33,"S",IF(H33=Double!H33,"D","H")) | U33: =IF(I33=Stand!I33,"S",IF(I33=Double!I33,"D","H")) | ... W33: =IF(K33=Stand!K33,"S",IF(K33=Double!K33,"D","H"))
A34: 14 | B34: =MAX(Hit!B34,Stand!B34,Double!B34) | C34: =MAX(Hit!C34,Stand!C34,Double!C34) | D34: =MAX(Hit!D34,Stand!D34,Double!D34) | E34: =MAX(Hit!E34,Stand!E34,Double!E34) | F34: =MAX(Hit!F34,Stand!F34,Double!F34) | G34: =MAX(Hit!G34,Stand!G34,Double!G34) | H34: =MAX(Hit!H34,Stand!H34,Double!H34) | I34: =MAX(Hit!I34,Stand!I34,Double!I34) | ... K34: =MAX(Hit!K34,Stand!K34,Double!K34) | M34: 14 | N34: =IF(B34=Stand!B34,"S",IF(B34=Double!B34,"D","H")) | O34: =IF(C34=Stand!C34,"S",IF(C34=Double!C34,"D","H")) | P34: =IF(D34=Stand!D34,"S",IF(D34=Double!D34,"D","H")) | Q34: =IF(E34=Stand!E34,"S",IF(E34=Double!E34,"D","H")) | R34: =IF(F34=Stand!F34,"S",IF(F34=Double!F34,"D","H")) | S34: =IF(G34=Stand!G34,"S",IF(G34=Double!G34,"D","H")) | T34: =IF(H34=Stand!H34,"S",IF(H34=Double!H34,"D","H")) | U34: =IF(I34=Stand!I34,"S",IF(I34=Double!I34,"D","H")) | ... W34: =IF(K34=Stand!K34,"S",IF(K34=Double!K34,"D","H"))
A35: 15 | B35: =MAX(Hit!B35,Stand!B35,Double!B35) | C35: =MAX(Hit!C35,Stand!C35,Double!C35) | D35: =MAX(Hit!D35,Stand!D35,Double!D35) | E35: =MAX(Hit!E35,Stand!E35,Double!E35) | F35: =MAX(Hit!F35,Stand!F35,Double!F35) | G35: =MAX(Hit!G35,Stand!G35,Double!G35) | H35: =MAX(Hit!H35,Stand!H35,Double!H35) | I35: =MAX(Hit!I35,Stand!I35,Double!I35) | ... K35: =MAX(Hit!K35,Stand!K35,Double!K35) | M35: 15 | N35: =IF(B35=Stand!B35,"S",IF(B35=Double!B35,"D","H")) | O35: =IF(C35=Stand!C35,"S",IF(C35=Double!C35,"D","H")) | P35: =IF(D35=Stand!D35,"S",IF(D35=Double!D35,"D","H")) | Q35: =IF(E35=Stand!E35,"S",IF(E35=Double!E35,"D","H")) | R35: =IF(F35=Stand!F35,"S",IF(F35=Double!F35,"D","H")) | S35: =IF(G35=Stand!G35,"S",IF(G35=Double!G35,"D","H")) | T35: =IF(H35=Stand!H35,"S",IF(H35=Double!H35,"D","H")) | U35: =IF(I35=Stand!I35,"S",IF(I35=Double!I35,"D","H")) | ... W35: =IF(K35=Stand!K35,"S",IF(K35=Double!K35,"D","H"))
A36: 16 | B36: =MAX(Hit!B36,Stand!B36,Double!B36) | C36: =MAX(Hit!C36,Stand!C36,Double!C36) | D36: =MAX(Hit!D36,Stand!D36,Double!D36) | E36: =MAX(Hit!E36,Stand!E36,Double!E36) | F36: =MAX(Hit!F36,Stand!F36,Double!F36) | G36: =MAX(Hit!G36,Stand!G36,Double!G36) | H36: =MAX(Hit!H36,Stand!H36,Double!H36) | I36: =MAX(Hit!I36,Stand!I36,Double!I36) | ... K36: =MAX(Hit!K36,Stand!K36,Double!K36) | M36: 16 | N36: =IF(B36=Stand!B36,"S",IF(B36=Double!B36,"D","H")) | O36: =IF(C36=Stand!C36,"S",IF(C36=Double!C36,"D","H")) | P36: =IF(D36=Stand!D36,"S",IF(D36=Double!D36,"D","H")) | Q36: =IF(E36=Stand!E36,"S",IF(E36=Double!E36,"D","H")) | R36: =IF(F36=Stand!F36,"S",IF(F36=Double!F36,"D","H")) | S36: =IF(G36=Stand!G36,"S",IF(G36=Double!G36,"D","H")) | T36: =IF(H36=Stand!H36,"S",IF(H36=Double!H36,"D","H")) | U36: =IF(I36=Stand!I36,"S",IF(I36=Double!I36,"D","H")) | ... W36: =IF(K36=Stand!K36,"S",IF(K36=Double!K36,"D","H"))
A37: 17 | B37: =MAX(Hit!B37,Stand!B37,Double!B37) | C37: =MAX(Hit!C37,Stand!C37,Double!C37) | D37: =MAX(Hit!D37,Stand!D37,Double!D37) | E37: =MAX(Hit!E37,Stand!E37,Double!E37) | F37: =MAX(Hit!F37,Stand!F37,Double!F37) | G37: =MAX(Hit!G37,Stand!G37,Double!G37) | H37: =MAX(Hit!H37,Stand!H37,Double!H37) | I37: =MAX(Hit!I37,Stand!I37,Double!I37) | ... K37: =MAX(Hit!K37,Stand!K37,Double!K37) | M37: 17 | N37: =IF(B37=Stand!B37,"S",IF(B37=Double!B37,"D","H")) | O37: =IF(C37=Stand!C37,"S",IF(C37=Double!C37,"D","H")) | P37: =IF(D37=Stand!D37,"S",IF(D37=Double!D37,"D","H")) | Q37: =IF(E37=Stand!E37,"S",IF(E37=Double!E37,"D","H")) | R37: =IF(F37=Stand!F37,"S",IF(F37=Double!F37,"D","H")) | S37: =IF(G37=Stand!G37,"S",IF(G37=Double!G37,"D","H")) | T37: =IF(H37=Stand!H37,"S",IF(H37=Double!H37,"D","H")) | U37: =IF(I37=Stand!I37,"S",IF(I37=Double!I37,"D","H")) | ... W37: =IF(K37=Stand!K37,"S",IF(K37=Double!K37,"D","H"))
A38: 18 | B38: =MAX(Hit!B38,Stand!B38,Double!B38) | C38: =MAX(Hit!C38,Stand!C38,Double!C38) | D38: =MAX(Hit!D38,Stand!D38,Double!D38) | E38: =MAX(Hit!E38,Stand!E38,Double!E38) | F38: =MAX(Hit!F38,Stand!F38,Double!F38) | G38: =MAX(Hit!G38,Stand!G38,Double!G38) | H38: =MAX(Hit!H38,Stand!H38,Double!H38) | I38: =MAX(Hit!I38,Stand!I38,Double!I38) | ... K38: =MAX(Hit!K38,Stand!K38,Double!K38) | M38: 18 | N38: =IF(B38=Stand!B38,"S",IF(B38=Double!B38,"D","H")) | O38: =IF(C38=Stand!C38,"S",IF(C38=Double!C38,"D","H")) | P38: =IF(D38=Stand!D38,"S",IF(D38=Double!D38,"D","H")) | Q38: =IF(E38=Stand!E38,"S",IF(E38=Double!E38,"D","H")) | R38: =IF(F38=Stand!F38,"S",IF(F38=Double!F38,"D","H")) | S38: =IF(G38=Stand!G38,"S",IF(G38=Double!G38,"D","H")) | T38: =IF(H38=Stand!H38,"S",IF(H38=Double!H38,"D","H")) | U38: =IF(I38=Stand!I38,"S",IF(I38=Double!I38,"D","H")) | ... W38: =IF(K38=Stand!K38,"S",IF(K38=Double!K38,"D","H"))
A39: 19 | B39: =MAX(Hit!B39,Stand!B39,Double!B39) | C39: =MAX(Hit!C39,Stand!C39,Double!C39) | D39: =MAX(Hit!D39,Stand!D39,Double!D39) | E39: =MAX(Hit!E39,Stand!E39,Double!E39) | F39: =MAX(Hit!F39,Stand!F39,Double!F39) | G39: =MAX(Hit!G39,Stand!G39,Double!G39) | H39: =MAX(Hit!H39,Stand!H39,Double!H39) | I39: =MAX(Hit!I39,Stand!I39,Double!I39) | ... K39: =MAX(Hit!K39,Stand!K39,Double!K39) | M39: 19 | N39: =IF(B39=Stand!B39,"S",IF(B39=Double!B39,"D","H")) | O39: =IF(C39=Stand!C39,"S",IF(C39=Double!C39,"D","H")) | P39: =IF(D39=Stand!D39,"S",IF(D39=Double!D39,"D","H")) | Q39: =IF(E39=Stand!E39,"S",IF(E39=Double!E39,"D","H")) | R39: =IF(F39=Stand!F39,"S",IF(F39=Double!F39,"D","H")) | S39: =IF(G39=Stand!G39,"S",IF(G39=Double!G39,"D","H")) | T39: =IF(H39=Stand!H39,"S",IF(H39=Double!H39,"D","H")) | U39: =IF(I39=Stand!I39,"S",IF(I39=Double!I39,"D","H")) | ... W39: =IF(K39=Stand!K39,"S",IF(K39=Double!K39,"D","H"))
A40: 20 | B40: =MAX(Hit!B40,Stand!B40,Double!B40) | C40: =MAX(Hit!C40,Stand!C40,Double!C40) | D40: =MAX(Hit!D40,Stand!D40,Double!D40) | E40: =MAX(Hit!E40,Stand!E40,Double!E40) | F40: =MAX(Hit!F40,Stand!F40,Double!F40) | G40: =MAX(Hit!G40,Stand!G40,Double!G40) | H40: =MAX(Hit!H40,Stand!H40,Double!H40) | I40: =MAX(Hit!I40,Stand!I40,Double!I40) | ... K40: =MAX(Hit!K40,Stand!K40,Double!K40) | M40: 20 | N40: =IF(B40=Stand!B40,"S",IF(B40=Double!B40,"D","H")) | O40: =IF(C40=Stand!C40,"S",IF(C40=Double!C40,"D","H")) | P40: =IF(D40=Stand!D40,"S",IF(D40=Double!D40,"D","H")) | Q40: =IF(E40=Stand!E40,"S",IF(E40=Double!E40,"D","H")) | R40: =IF(F40=Stand!F40,"S",IF(F40=Double!F40,"D","H")) | S40: =IF(G40=Stand!G40,"S",IF(G40=Double!G40,"D","H")) | T40: =IF(H40=Stand!H40,"S",IF(H40=Double!H40,"D","H")) | U40: =IF(I40=Stand!I40,"S",IF(I40=Double!I40,"D","H")) | ... W40: =IF(K40=Stand!K40,"S",IF(K40=Double!K40,"D","H"))
A41: 21 | B41: =MAX(Hit!B41,Stand!B41,Double!B41) | C41: =MAX(Hit!C41,Stand!C41,Double!C41) | D41: =MAX(Hit!D41,Stand!D41,Double!D41) | E41: =MAX(Hit!E41,Stand!E41,Double!E41) | F41: =MAX(Hit!F41,Stand!F41,Double!F41) | G41: =MAX(Hit!G41,Stand!G41,Double!G41) | H41: =MAX(Hit!H41,Stand!H41,Double!H41) | I41: =MAX(Hit!I41,Stand!I41,Double!I41) | ... K41: =MAX(Hit!K41,Stand!K41,Double!K41) | M41: 21 | N41: =IF(B41=Stand!B41,"S",IF(B41=Double!B41,"D","H")) | O41: =IF(C41=Stand!C41,"S",IF(C41=Double!C41,"D","H")) | P41: =IF(D41=Stand!D41,"S",IF(D41=Double!D41,"D","H")) | Q41: =IF(E41=Stand!E41,"S",IF(E41=Double!E41,"D","H")) | R41: =IF(F41=Stand!F41,"S",IF(F41=Double!F41,"D","H")) | S41: =IF(G41=Stand!G41,"S",IF(G41=Double!G41,"D","H")) | T41: =IF(H41=Stand!H41,"S",IF(H41=Double!H41,"D","H")) | U41: =IF(I41=Stand!I41,"S",IF(I41=Double!I41,"D","H")) | ... W41: =IF(K41=Stand!K41,"S",IF(K41=Double!K41,"D","H"))
A42: 22 | B42: =MAX(Hit!B42,Stand!B42,Double!B42) | C42: =MAX(Hit!C42,Stand!C42,Double!C42) | D42: =MAX(Hit!D42,Stand!D42,Double!D42) | E42: =MAX(Hit!E42,Stand!E42,Double!E42) | F42: =MAX(Hit!F42,Stand!F42,Double!F42) | G42: =MAX(Hit!G42,Stand!G42,Double!G42) | H42: =MAX(Hit!H42,Stand!H42,Double!H42) | I42: =MAX(Hit!I42,Stand!I42,Double!I42) | ... K42: =MAX(Hit!K42,Stand!K42,Double!K42)
A43: 23 | B43: =MAX(Hit!B43,Stand!B43,Double!B43) | C43: =MAX(Hit!C43,Stand!C43,Double!C43) | D43: =MAX(Hit!D43,Stand!D43,Double!D43) | E43: =MAX(Hit!E43,Stand!E43,Double!E43) | F43: =MAX(Hit!F43,Stand!F43,Double!F43) | G43: =MAX(Hit!G43,Stand!G43,Double!G43) | H43: =MAX(Hit!H43,Stand!H43,Double!H43) | I43: =MAX(Hit!I43,Stand!I43,Double!I43) | ... K43: =MAX(Hit!K43,Stand!K43,Double!K43)
A44: 24 | B44: =MAX(Hit!B44,Stand!B44,Double!B44) | C44: =MAX(Hit!C44,Stand!C44,Double!C44) | D44: =MAX(Hit!D44,Stand!D44,Double!D44) | E44: =MAX(Hit!E44,Stand!E44,Double!E44) | F44: =MAX(Hit!F44,Stand!F44,Double!F44) | G44: =MAX(Hit!G44,Stand!G44,Double!G44) | H44: =MAX(Hit!H44,Stand!H44,Double!H44) | I44: =MAX(Hit!I44,Stand!I44,Double!I44) | ... K44: =MAX(Hit!K44,Stand!K44,Double!K44)
A45: 25 | B45: =MAX(Hit!B45,Stand!B45,Double!B45) | C45: =MAX(Hit!C45,Stand!C45,Double!C45) | D45: =MAX(Hit!D45,Stand!D45,Double!D45) | E45: =MAX(Hit!E45,Stand!E45,Double!E45) | F45: =MAX(Hit!F45,Stand!F45,Double!F45) | G45: =MAX(Hit!G45,Stand!G45,Double!G45) | H45: =MAX(Hit!H45,Stand!H45,Double!H45) | I45: =MAX(Hit!I45,Stand!I45,Double!I45) | ... K45: =MAX(Hit!K45,Stand!K45,Double!K45)
A46: 26 | B46: =MAX(Hit!B46,Stand!B46,Double!B46) | C46: =MAX(Hit!C46,Stand!C46,Double!C46) | D46: =MAX(Hit!D46,Stand!D46,Double!D46) | E46: =MAX(Hit!E46,Stand!E46,Double!E46) | F46: =MAX(Hit!F46,Stand!F46,Double!F46) | G46: =MAX(Hit!G46,Stand!G46,Double!G46) | H46: =MAX(Hit!H46,Stand!H46,Double!H46) | I46: =MAX(Hit!I46,Stand!I46,Double!I46) | ... K46: =MAX(Hit!K46,Stand!K46,Double!K46)
A47: 27 | B47: =MAX(Hit!B47,Stand!B47,Double!B47) | C47: =MAX(Hit!C47,Stand!C47,Double!C47) | D47: =MAX(Hit!D47,Stand!D47,Double!D47) | E47: =MAX(Hit!E47,Stand!E47,Double!E47) | F47: =MAX(Hit!F47,Stand!F47,Double!F47) | G47: =MAX(Hit!G47,Stand!G47,Double!G47) | H47: =MAX(Hit!H47,Stand!H47,Double!H47) | I47: =MAX(Hit!I47,Stand!I47,Double!I47) | ... K47: =MAX(Hit!K47,Stand!K47,Double!K47)
A48: 28 | B48: =MAX(Hit!B48,Stand!B48,Double!B48) | C48: =MAX(Hit!C48,Stand!C48,Double!C48) | D48: =MAX(Hit!D48,Stand!D48,Double!D48) | E48: =MAX(Hit!E48,Stand!E48,Double!E48) | F48: =MAX(Hit!F48,Stand!F48,Double!F48) | G48: =MAX(Hit!G48,Stand!G48,Double!G48) | H48: =MAX(Hit!H48,Stand!H48,Double!H48) | I48: =MAX(Hit!I48,Stand!I48,Double!I48) | ... K48: =MAX(Hit!K48,Stand!K48,Double!K48)
A49: 29 | B49: =MAX(Hit!B49,Stand!B49,Double!B49) | C49: =MAX(Hit!C49,Stand!C49,Double!C49) | D49: =MAX(Hit!D49,Stand!D49,Double!D49) | E49: =MAX(Hit!E49,Stand!E49,Double!E49) | F49: =MAX(Hit!F49,Stand!F49,Double!F49) | G49: =MAX(Hit!G49,Stand!G49,Double!G49) | H49: =MAX(Hit!H49,Stand!H49,Double!H49) | I49: =MAX(Hit!I49,Stand!I49,Double!I49) | ... K49: =MAX(Hit!K49,Stand!K49,Double!K49)
A50: 30 | B50: =MAX(Hit!B50,Stand!B50,Double!B50) | C50: =MAX(Hit!C50,Stand!C50,Double!C50) | D50: =MAX(Hit!D50,Stand!D50,Double!D50) | E50: =MAX(Hit!E50,Stand!E50,Double!E50) | F50: =MAX(Hit!F50,Stand!F50,Double!F50) | G50: =MAX(Hit!G50,Stand!G50,Double!G50) | H50: =MAX(Hit!H50,Stand!H50,Double!H50) | I50: =MAX(Hit!I50,Stand!I50,Double!I50) | ... K50: =MAX(Hit!K50,Stand!K50,Double!K50)
A51: 31 | B51: =MAX(Hit!B51,Stand!B51,Double!B51) | C51: =MAX(Hit!C51,Stand!C51,Double!C51) | D51: =MAX(Hit!D51,Stand!D51,Double!D51) | E51: =MAX(Hit!E51,Stand!E51,Double!E51) | F51: =MAX(Hit!F51,Stand!F51,Double!F51) | G51: =MAX(Hit!G51,Stand!G51,Double!G51) | H51: =MAX(Hit!H51,Stand!H51,Double!H51) | I51: =MAX(Hit!I51,Stand!I51,Double!I51) | ... K51: =MAX(Hit!K51,Stand!K51,Double!K51)

Sheet Surrender
A1: Hard | B1: 2 | C1: 3 | D1: 4 | E1: 5 | F1: 6 | G1: 7 | H1: 8 | I1: 9 | J1: 10 | K1: Ace
A2: 4 | B2: -0.5 | C2: -0.5 | D2: -0.5 | E2: -0.5 | F2: -0.5 | G2: -0.5 | H2: -0.5 | I2: -0.5 | J2: -0.5 | K2: -0.5
A3: 5 | B3: =B2 | C3: =C2 | D3: =D2 | E3: =E2 | F3: =F2 | G3: =G2 | H3: =H2 | I3: =I2 | ... K3: =K2
A4: 6 | B4: =B3 | C4: =C3 | D4: =D3 | E4: =E3 | F4: =F3 | G4: =G3 | H4: =H3 | I4: =I3 | ... K4: =K3
A5: 7 | B5: =B4 | C5: =C4 | D5: =D4 | E5: =E4 | F5: =F4 | G5: =G4 | H5: =H4 | I5: =I4 | ... K5: =K4
A6: 8 | B6: =B5 | C6: =C5 | D6: =D5 | E6: =E5 | F6: =F5 | G6: =G5 | H6: =H5 | I6: =I5 | ... K6: =K5
A7: 9 | B7: =B6 | C7: =C6 | D7: =D6 | E7: =E6 | F7: =F6 | G7: =G6 | H7: =H6 | I7: =I6 | ... K7: =K6
A8: 10 | B8: =B7 | C8: =C7 | D8: =D7 | E8: =E7 | F8: =F7 | G8: =G7 | H8: =H7 | I8: =I7 | ... K8: =K7
A9: 11 | B9: =B8 | C9: =C8 | D9: =D8 | E9: =E8 | F9: =F8 | G9: =G8 | H9: =H8 | I9: =I8 | ... K9: =K8
A10: 12 | B10: =B9 | C10: =C9 | D10: =D9 | E10: =E9 | F10: =F9 | G10: =G9 | H10: =H9 | I10: =I9 | ... K10: =K9
A11: 13 | B11: =B10 | C11: =C10 | D11: =D10 | E11: =E10 | F11: =F10 | G11: =G10 | H11: =H10 | I11: =I10 | ... K11: =K10
A12: 14 | B12: =B11 | C12: =C11 | D12: =D11 | E12: =E11 | F12: =F11 | G12: =G11 | H12: =H11 | I12: =I11 | ... K12: =K11
A13: 15 | B13: =B12 | C13: =C12 | D13: =D12 | E13: =E12 | F13: =F12 | G13: =G12 | H13: =H12 | I13: =I12 | ... K13: =K12
A14: 16 | B14: =B13 | C14: =C13 | D14: =D13 | E14: =E13 | F14: =F13 | G14: =G13 | H14: =H13 | I14: =I13 | ... K14: =K13
... A19: 21 | B19: =B18 | C19: =C18 | D19: =D18 | E19: =E18 | F19: =F18 | G19: =G18 | H19: =H18 | I19: =I18 | ... K19: =K18
A20: 22 | B20: -1 | C20: -1 | D20: -1 | E20: -1 | F20: -1 | G20: -1 | H20: -1 | I20: -1 | J20: -1 | K20: -1
A21: 23 | B21: -1 | C21: -1 | D21: -1 | E21: -1 | F21: -1 | G21: -1 | H21: -1 | I21: -1 | J21: -1 | K21: -1
A22: 24 | B22: -1 | C22: -1 | D22: -1 | E22: -1 | F22: -1 | G22: -1 | H22: -1 | I22: -1 | J22: -1 | K22: -1
A23: 25 | B23: -1 | C23: -1 | D23: -1 | E23: -1 | F23: -1 | G23: -1 | H23: -1 | I23: -1 | J23: -1 | K23: -1
A24: 26 | B24: -1 | C24: -1 | D24: -1 | E24: -1 | F24: -1 | G24: -1 | H24: -1 | I24: -1 | J24: -1 | K24: -1
A25: 27 | B25: -1 | C25: -1 | D25: -1 | E25: -1 | F25: -1 | G25: -1 | H25: -1 | I25: -1 | J25: -1 | K25: -1
A26: 28 | B26: -1 | C26: -1 | D26: -1 | E26: -1 | F26: -1 | G26: -1 | H26: -1 | I26: -1 | J26: -1 | K26: -1
A27: 29 | B27: -1 | C27: -1 | D27: -1 | E27: -1 | F27: -1 | G27: -1 | H27: -1 | I27: -1 | J27: -1 | K27: -1
A28: 30 | B28: -1 | C28: -1 | D28: -1 | E28: -1 | F28: -1 | G28: -1 | H28: -1 | I28: -1 | J28: -1 | K28: -1
A29: 31 | B29: -1 | C29: -1 | D29: -1 | E29: -1 | F29: -1 | G29: -1 | H29: -1 | I29: -1 | J29: -1 | K29: -1
A31: Soft
A32: 12 | B32: =B10 | C32: =C10 | D32: =D10 | E32: =E10 | F32: =F10 | G32: =G10 | H32: =H10 | I32: =I10 | ... K32: =K10
A33: 13 | B33: =B11 | C33: =C11 | D33: =D11 | E33: =E11 | F33: =F11 | G33: =G11 | H33: =H11 | I33: =I11 | ... K33: =K11
A34: 14 | B34: =B12 | C34: =C12 | D34: =D12 | E34: =E12 | F34: =F12 | G34: =G12 | H34: =H12 | I34: =I12 | ... K34: =K12
A35: 15 | B35: =B13 | C35: =C13 | D35: =D13 | E35: =E13 | F35: =F13 | G35: =G13 | H35: =H13 | I35: =I13 | ... K35: =K13
A36: 16 | B36: =B14 | C36: =C14 | D36: =D14 | E36: =E14 | F36: =F14 | G36: =G14 | H36: =H14 | I36: =I14 | ... K36: =K14
A37: 17 | B37: =B15 | C37: =C15 | D37: =D15 | E37: =E15 | F37: =F15 | G37: =G15 | H37: =H15 | I37: =I15 | ... K37: =K15
A38: 18 | B38: =B16 | C38: =C16 | D38: =D16 | E38: =E16 | F38: =F16 | G38: =G16 | H38: =H16 | I38: =I16 | ... K38: =K16
A39: 19 | B39: =B17 | C39: =C17 | D39: =D17 | E39: =E17 | F39: =F17 | G39: =G17 | H39: =H17 | I39: =I17 | ... K39: =K17
A40: 20 | B40: =B18 | C40: =C18 | D40: =D18 | E40: =E18 | F40: =F18 | G40: =G18 | H40: =H18 | I40: =I18 | ... K40: =K18
A41: 21 | B41: =B19 | C41: =C19 | D41: =D19 | E41: =E19 | F41: =F19 | G41: =G19 | H41: =H19 | I41: =I19 | ... K41: =K19
A42: 22 | B42: =B10 | C42: =C10 | D42: =D10 | E42: =E10 | F42: =F10 | G42: =G10 | H42: =H10 | I42: =I10 | ... K42: =K10
A43: 23 | B43: =B11 | C43: =C11 | D43: =D11 | E43: =E11 | F43: =F11 | G43: =G11 | H43: =H11 | I43: =I11 | ... K43: =K11
A44: 24 | B44: =B12 | C44: =C12 | D44: =D12 | E44: =E12 | F44: =F12 | G44: =G12 | H44: =H12 | I44: =I12 | ... K44: =K12
A45: 25 | B45: =B13 | C45: =C13 | D45: =D13 | E45: =E13 | F45: =F13 | G45: =G13 | H45: =H13 | I45: =I13 | ... K45: =K13
A46: 26 | B46: =B14 | C46: =C14 | D46: =D14 | E46: =E14 | F46: =F14 | G46: =G14 | H46: =H14 | I46: =I14 | ... K46: =K14
A47: 27 | B47: =B15 | C47: =C15 | D47: =D15 | E47: =E15 | F47: =F15 | G47: =G15 | H47: =H15 | I47: =I15 | ... K47: =K15
A48: 28 | B48: =B16 | C48: =C16 | D48: =D16 | E48: =E16 | F48: =F16 | G48: =G16 | H48: =H16 | I48: =I16 | ... K48: =K16
A49: 29 | B49: =B17 | C49: =C17 | D49: =D17 | E49: =E17 | F49: =F17 | G49: =G17 | H49: =H17 | I49: =I17 | ... K49: =K17
A50: 30 | B50: =B18 | C50: =C18 | D50: =D18 | E50: =E18 | F50: =F18 | G50: =G18 | H50: =H18 | I50: =I18 | ... K50: =K18
A51: 31 | B51: =B19 | C51: =C19 | D51: =D19 | E51: =E19 | F51: =F19 | G51: =G19 | H51: =H19 | I51: =I19 | ... K51: =K19

Sheet HSDR
A1: Hard | B1: 2 | C1: 3 | D1: 4 | E1: 5 | F1: 6 | G1: 7 | H1: 8 | I1: 9 | J1: 10 | K1: Ace | M1: Hard | N1: 2 | O1: 3 | P1: 4 | Q1: 5 | R1: 6 | S1: 7 | T1: 8 | U1: 9 | V1: 10 | W1: Ace
A2: 4 | B2: =MAX(Hit!B2,Stand!B2,Double!B2,Surrender!B2) | C2: =MAX(Hit!C2,Stand!C2,Double!C2,Surrender!C2) | D2: =MAX(Hit!D2,Stand!D2,Double!D2,Surrender!D2) | E2: =MAX(Hit!E2,Stand!E2,Double!E2,Surrender!E2) | F2: =MAX(Hit!F2,Stand!F2,Double!F2,Surrender!F2) | G2: =MAX(Hit!G2,Stand!G2,Double!G2,Surrender!G2) | H2: =MAX(Hit!H2,Stand!H2,Double!H2,Surrender!H2) | I2: =MAX(Hit!I2,Stand!I2,Double!I2,Surrender!I2) | ... K2: =MAX(Hit!K2,Stand!K2,Double!K2,Surrender!K2) | M2: 4 | N2: =IF(B2=Stand!B2,"S",IF(B2=Double!B2,"D",IF(B2=Surrender!B2,"R","H"))) | O2: =IF(C2=Stand!C2,"S",IF(C2=Double!C2,"D",IF(C2=Surrender!C2,"R","H"))) | P2: =IF(D2=Stand!D2,"S",IF(D2=Double!D2,"D",IF(D2=Surrender!D2,"R","H"))) | Q2: =IF(E2=Stand!E2,"S",IF(E2=Double!E2,"D",IF(E2=Surrender!E2,"R","H"))) | R2: =IF(F2=Stand!F2,"S",IF(F2=Double!F2,"D",IF(F2=Surrender!F2,"R","H"))) | S2: =IF(G2=Stand!G2,"S",IF(G2=Double!G2,"D",IF(G2=Surrender!G2,"R","H"))) | T2: =IF(H2=Stand!H2,"S",IF(H2=Double!H2,"D",IF(H2=Surrender!H2,"R","H"))) | U2: =IF(I2=Stand!I2,"S",IF(I2=Double!I2,"D",IF(I2=Surrender!I2,"R","H"))) | ... W2: =IF(K2=Stand!K2,"S",IF(K2=Double!K2,"D",IF(K2=Surrender!K2,"R","H")))
A3: 5 | B3: =MAX(Hit!B3,Stand!B3,Double!B3,Surrender!B3) | C3: =MAX(Hit!C3,Stand!C3,Double!C3,Surrender!C3) | D3: =MAX(Hit!D3,Stand!D3,Double!D3,Surrender!D3) | E3: =MAX(Hit!E3,Stand!E3,Double!E3,Surrender!E3) | F3: =MAX(Hit!F3,Stand!F3,Double!F3,Surrender!F3) | G3: =MAX(Hit!G3,Stand!G3,Double!G3,Surrender!G3) | H3: =MAX(Hit!H3,Stand!H3,Double!H3,Surrender!H3) | I3: =MAX(Hit!I3,Stand!I3,Double!I3,Surrender!I3) | ... K3: =MAX(Hit!K3,Stand!K3,Double!K3,Surrender!K3) | M3: 5 | N3: =IF(B3=Stand!B3,"S",IF(B3=Double!B3,"D",IF(B3=Surrender!B3,"R","H"))) | O3: =IF(C3=Stand!C3,"S",IF(C3=Double!C3,"D",IF(C3=Surrender!C3,"R","H"))) | P3: =IF(D3=Stand!D3,"S",IF(D3=Double!D3,"D",IF(D3=Surrender!D3,"R","H"))) | Q3: =IF(E3=Stand!E3,"S",IF(E3=Double!E3,"D",IF(E3=Surrender!E3,"R","H"))) | R3: =IF(F3=Stand!F3,"S",IF(F3=Double!F3,"D",IF(F3=Surrender!F3,"R","H"))) | S3: =IF(G3=Stand!G3,"S",IF(G3=Double!G3,"D",IF(G3=Surrender!G3,"R","H"))) | T3: =IF(H3=Stand!H3,"S",IF(H3=Double!H3,"D",IF(H3=Surrender!H3,"R","H"))) | U3: =IF(I3=Stand!I3,"S",IF(I3=Double!I3,"D",IF(I3=Surrender!I3,"R","H"))) | ... W3: =IF(K3=Stand!K3,"S",IF(K3=Double!K3,"D",IF(K3=Surrender!K3,"R","H")))
A4: 6 | B4: =MAX(Hit!B4,Stand!B4,Double!B4,Surrender!B4) | C4: =MAX(Hit!C4,Stand!C4,Double!C4,Surrender!C4) | D4: =MAX(Hit!D4,Stand!D4,Double!D4,Surrender!D4) | E4: =MAX(Hit!E4,Stand!E4,Double!E4,Surrender!E4) | F4: =MAX(Hit!F4,Stand!F4,Double!F4,Surrender!F4) | G4: =MAX(Hit!G4,Stand!G4,Double!G4,Surrender!G4) | H4: =MAX(Hit!H4,Stand!H4,Double!H4,Surrender!H4) | I4: =MAX(Hit!I4,Stand!I4,Double!I4,Surrender!I4) | ... K4: =MAX(Hit!K4,Stand!K4,Double!K4,Surrender!K4) | M4: 6 | N4: =IF(B4=Stand!B4,"S",IF(B4=Double!B4,"D",IF(B4=Surrender!B4,"R","H"))) | O4: =IF(C4=Stand!C4,"S",IF(C4=Double!C4,"D",IF(C4=Surrender!C4,"R","H"))) | P4: =IF(D4=Stand!D4,"S",IF(D4=Double!D4,"D",IF(D4=Surrender!D4,"R","H"))) | Q4: =IF(E4=Stand!E4,"S",IF(E4=Double!E4,"D",IF(E4=Surrender!E4,"R","H"))) | R4: =IF(F4=Stand!F4,"S",IF(F4=Double!F4,"D",IF(F4=Surrender!F4,"R","H"))) | S4: =IF(G4=Stand!G4,"S",IF(G4=Double!G4,"D",IF(G4=Surrender!G4,"R","H"))) | T4: =IF(H4=Stand!H4,"S",IF(H4=Double!H4,"D",IF(H4=Surrender!H4,"R","H"))) | U4: =IF(I4=Stand!I4,"S",IF(I4=Double!I4,"D",IF(I4=Surrender!I4,"R","H"))) | ... W4: =IF(K4=Stand!K4,"S",IF(K4=Double!K4,"D",IF(K4=Surrender!K4,"R","H")))
A5: 7 | B5: =MAX(Hit!B5,Stand!B5,Double!B5,Surrender!B5) | C5: =MAX(Hit!C5,Stand!C5,Double!C5,Surrender!C5) | D5: =MAX(Hit!D5,Stand!D5,Double!D5,Surrender!D5) | E5: =MAX(Hit!E5,Stand!E5,Double!E5,Surrender!E5) | F5: =MAX(Hit!F5,Stand!F5,Double!F5,Surrender!F5) | G5: =MAX(Hit!G5,Stand!G5,Double!G5,Surrender!G5) | H5: =MAX(Hit!H5,Stand!H5,Double!H5,Surrender!H5) | I5: =MAX(Hit!I5,Stand!I5,Double!I5,Surrender!I5) | ... K5: =MAX(Hit!K5,Stand!K5,Double!K5,Surrender!K5) | M5: 7 | N5: =IF(B5=Stand!B5,"S",IF(B5=Double!B5,"D",IF(B5=Surrender!B5,"R","H"))) | O5: =IF(C5=Stand!C5,"S",IF(C5=Double!C5,"D",IF(C5=Surrender!C5,"R","H"))) | P5: =IF(D5=Stand!D5,"S",IF(D5=Double!D5,"D",IF(D5=Surrender!D5,"R","H"))) | Q5: =IF(E5=Stand!E5,"S",IF(E5=Double!E5,"D",IF(E5=Surrender!E5,"R","H"))) | R5: =IF(F5=Stand!F5,"S",IF(F5=Double!F5,"D",IF(F5=Surrender!F5,"R","H"))) | S5: =IF(G5=Stand!G5,"S",IF(G5=Double!G5,"D",IF(G5=Surrender!G5,"R","H"))) | T5: =IF(H5=Stand!H5,"S",IF(H5=Double!H5,"D",IF(H5=Surrender!H5,"R","H"))) | U5: =IF(I5=Stand!I5,"S",IF(I5=Double!I5,"D",IF(I5=Surrender!I5,"R","H"))) | ... W5: =IF(K5=Stand!K5,"S",IF(K5=Double!K5,"D",IF(K5=Surrender!K5,"R","H")))
A6: 8 | B6: =MAX(Hit!B6,Stand!B6,Double!B6,Surrender!B6) | C6: =MAX(Hit!C6,Stand!C6,Double!C6,Surrender!C6) | D6: =MAX(Hit!D6,Stand!D6,Double!D6,Surrender!D6) | E6: =MAX(Hit!E6,Stand!E6,Double!E6,Surrender!E6) | F6: =MAX(Hit!F6,Stand!F6,Double!F6,Surrender!F6) | G6: =MAX(Hit!G6,Stand!G6,Double!G6,Surrender!G6) | H6: =MAX(Hit!H6,Stand!H6,Double!H6,Surrender!H6) | I6: =MAX(Hit!I6,Stand!I6,Double!I6,Surrender!I6) | ... K6: =MAX(Hit!K6,Stand!K6,Double!K6,Surrender!K6) | M6: 8 | N6: =IF(B6=Stand!B6,"S",IF(B6=Double!B6,"D",IF(B6=Surrender!B6,"R","H"))) | O6: =IF(C6=Stand!C6,"S",IF(C6=Double!C6,"D",IF(C6=Surrender!C6,"R","H"))) | P6: =IF(D6=Stand!D6,"S",IF(D6=Double!D6,"D",IF(D6=Surrender!D6,"R","H"))) | Q6: =IF(E6=Stand!E6,"S",IF(E6=Double!E6,"D",IF(E6=Surrender!E6,"R","H"))) | R6: =IF(F6=Stand!F6,"S",IF(F6=Double!F6,"D",IF(F6=Surrender!F6,"R","H"))) | S6: =IF(G6=Stand!G6,"S",IF(G6=Double!G6,"D",IF(G6=Surrender!G6,"R","H"))) | T6: =IF(H6=Stand!H6,"S",IF(H6=Double!H6,"D",IF(H6=Surrender!H6,"R","H"))) | U6: =IF(I6=Stand!I6,"S",IF(I6=Double!I6,"D",IF(I6=Surrender!I6,"R","H"))) | ... W6: =IF(K6=Stand!K6,"S",IF(K6=Double!K6,"D",IF(K6=Surrender!K6,"R","H")))
A7: 9 | B7: =MAX(Hit!B7,Stand!B7,Double!B7,Surrender!B7) | C7: =MAX(Hit!C7,Stand!C7,Double!C7,Surrender!C7) | D7: =MAX(Hit!D7,Stand!D7,Double!D7,Surrender!D7) | E7: =MAX(Hit!E7,Stand!E7,Double!E7,Surrender!E7) | F7: =MAX(Hit!F7,Stand!F7,Double!F7,Surrender!F7) | G7: =MAX(Hit!G7,Stand!G7,Double!G7,Surrender!G7) | H7: =MAX(Hit!H7,Stand!H7,Double!H7,Surrender!H7) | I7: =MAX(Hit!I7,Stand!I7,Double!I7,Surrender!I7) | ... K7: =MAX(Hit!K7,Stand!K7,Double!K7,Surrender!K7) | M7: 9 | N7: =IF(B7=Stand!B7,"S",IF(B7=Double!B7,"D",IF(B7=Surrender!B7,"R","H"))) | O7: =IF(C7=Stand!C7,"S",IF(C7=Double!C7,"D",IF(C7=Surrender!C7,"R","H"))) | P7: =IF(D7=Stand!D7,"S",IF(D7=Double!D7,"D",IF(D7=Surrender!D7,"R","H"))) | Q7: =IF(E7=Stand!E7,"S",IF(E7=Double!E7,"D",IF(E7=Surrender!E7,"R","H"))) | R7: =IF(F7=Stand!F7,"S",IF(F7=Double!F7,"D",IF(F7=Surrender!F7,"R","H"))) | S7: =IF(G7=Stand!G7,"S",IF(G7=Double!G7,"D",IF(G7=Surrender!G7,"R","H"))) | T7: =IF(H7=Stand!H7,"S",IF(H7=Double!H7,"D",IF(H7=Surrender!H7,"R","H"))) | U7: =IF(I7=Stand!I7,"S",IF(I7=Double!I7,"D",IF(I7=Surrender!I7,"R","H"))) | ... W7: =IF(K7=Stand!K7,"S",IF(K7=Double!K7,"D",IF(K7=Surrender!K7,"R","H")))
A8: 10 | B8: =MAX(Hit!B8,Stand!B8,Double!B8,Surrender!B8) | C8: =MAX(Hit!C8,Stand!C8,Double!C8,Surrender!C8) | D8: =MAX(Hit!D8,Stand!D8,Double!D8,Surrender!D8) | E8: =MAX(Hit!E8,Stand!E8,Double!E8,Surrender!E8) | F8: =MAX(Hit!F8,Stand!F8,Double!F8,Surrender!F8) | G8: =MAX(Hit!G8,Stand!G8,Double!G8,Surrender!G8) | H8: =MAX(Hit!H8,Stand!H8,Double!H8,Surrender!H8) | I8: =MAX(Hit!I8,Stand!I8,Double!I8,Surrender!I8) | ... K8: =MAX(Hit!K8,Stand!K8,Double!K8,Surrender!K8) | M8: 10 | N8: =IF(B8=Stand!B8,"S",IF(B8=Double!B8,"D",IF(B8=Surrender!B8,"R","H"))) | O8: =IF(C8=Stand!C8,"S",IF(C8=Double!C8,"D",IF(C8=Surrender!C8,"R","H"))) | P8: =IF(D8=Stand!D8,"S",IF(D8=Double!D8,"D",IF(D8=Surrender!D8,"R","H"))) | Q8: =IF(E8=Stand!E8,"S",IF(E8=Double!E8,"D",IF(E8=Surrender!E8,"R","H"))) | R8: =IF(F8=Stand!F8,"S",IF(F8=Double!F8,"D",IF(F8=Surrender!F8,"R","H"))) | S8: =IF(G8=Stand!G8,"S",IF(G8=Double!G8,"D",IF(G8=Surrender!G8,"R","H"))) | T8: =IF(H8=Stand!H8,"S",IF(H8=Double!H8,"D",IF(H8=Surrender!H8,"R","H"))) | U8: =IF(I8=Stand!I8,"S",IF(I8=Double!I8,"D",IF(I8=Surrender!I8,"R","H"))) | ... W8: =IF(K8=Stand!K8,"S",IF(K8=Double!K8,"D",IF(K8=Surrender!K8,"R","H")))
A9: 11 | B9: =MAX(Hit!B9,Stand!B9,Double!B9,Surrender!B9) | C9: =MAX(Hit!C9,Stand!C9,Double!C9,Surrender!C9) | D9: =MAX(Hit!D9,Stand!D9,Double!D9,Surrender!D9) | E9: =MAX(Hit!E9,Stand!E9,Double!E9,Surrender!E9) | F9: =MAX(Hit!F9,Stand!F9,Double!F9,Surrender!F9) | G9: =MAX(Hit!G9,Stand!G9,Double!G9,Surrender!G9) | H9: =MAX(Hit!H9,Stand!H9,Double!H9,Surrender!H9) | I9: =MAX(Hit!I9,Stand!I9,Double!I9,Surrender!I9) | ... K9: =MAX(Hit!K9,Stand!K9,Double!K9,Surrender!K9) | M9: 11 | N9: =IF(B9=Stand!B9,"S",IF(B9=Double!B9,"D",IF(B9=Surrender!B9,"R","H"))) | O9: =IF(C9=Stand!C9,"S",IF(C9=Double!C9,"D",IF(C9=Surrender!C9,"R","H"))) | P9: =IF(D9=Stand!D9,"S",IF(D9=Double!D9,"D",IF(D9=Surrender!D9,"R","H"))) | Q9: =IF(E9=Stand!E9,"S",IF(E9=Double!E9,"D",IF(E9=Surrender!E9,"R","H"))) | R9: =IF(F9=Stand!F9,"S",IF(F9=Double!F9,"D",IF(F9=Surrender!F9,"R","H"))) | S9: =IF(G9=Stand!G9,"S",IF(G9=Double!G9,"D",IF(G9=Surrender!G9,"R","H"))) | T9: =IF(H9=Stand!H9,"S",IF(H9=Double!H9,"D",IF(H9=Surrender!H9,"R","H"))) | U9: =IF(I9=Stand!I9,"S",IF(I9=Double!I9,"D",IF(I9=Surrender!I9,"R","H"))) | ... W9: =IF(K9=Stand!K9,"S",IF(K9=Double!K9,"D",IF(K9=Surrender!K9,"R","H")))
A10: 12 | B10: =MAX(Hit!B10,Stand!B10,Double!B10,Surrender!B10) | C10: =MAX(Hit!C10,Stand!C10,Double!C10,Surrender!C10) | D10: =MAX(Hit!D10,Stand!D10,Double!D10,Surrender!D10) | E10: =MAX(Hit!E10,Stand!E10,Double!E10,Surrender!E10) | F10: =MAX(Hit!F10,Stand!F10,Double!F10,Surrender!F10) | G10: =MAX(Hit!G10,Stand!G10,Double!G10,Surrender!G10) | H10: =MAX(Hit!H10,Stand!H10,Double!H10,Surrender!H10) | I10: =MAX(Hit!I10,Stand!I10,Double!I10,Surrender!I10) | ... K10: =MAX(Hit!K10,Stand!K10,Double!K10,Surrender!K10) | M10: 12 | N10: =IF(B10=Stand!B10,"S",IF(B10=Double!B10,"D",IF(B10=Surrender!B10,"R","H"))) | O10: =IF(C10=Stand!C10,"S",IF(C10=Double!C10,"D",IF(C10=Surrender!C10,"R","H"))) | P10: =IF(D10=Stand!D10,"S",IF(D10=Double!D10,"D",IF(D10=Surrender!D10,"R","H"))) | Q10: =IF(E10=Stand!E10,"S",IF(E10=Double!E10,"D",IF(E10=Surrender!E10,"R","H"))) | R10: =IF(F10=Stand!F10,"S",IF(F10=Double!F10,"D",IF(F10=Surrender!F10,"R","H"))) | S10: =IF(G10=Stand!G10,"S",IF(G10=Double!G10,"D",IF(G10=Surrender!G10,"R","H"))) | T10: =IF(H10=Stand!H10,"S",IF(H10=Double!H10,"D",IF(H10=Surrender!H10,"R","H"))) | U10: =IF(I10=Stand!I10,"S",IF(I10=Double!I10,"D",IF(I10=Surrender!I10,"R","H"))) | ... W10: =IF(K10=Stand!K10,"S",IF(K10=Double!K10,"D",IF(K10=Surrender!K10,"R","H")))
A11: 13 | B11: =MAX(Hit!B11,Stand!B11,Double!B11,Surrender!B11) | C11: =MAX(Hit!C11,Stand!C11,Double!C11,Surrender!C11) | D11: =MAX(Hit!D11,Stand!D11,Double!D11,Surrender!D11) | E11: =MAX(Hit!E11,Stand!E11,Double!E11,Surrender!E11) | F11: =MAX(Hit!F11,Stand!F11,Double!F11,Surrender!F11) | G11: =MAX(Hit!G11,Stand!G11,Double!G11,Surrender!G11) | H11: =MAX(Hit!H11,Stand!H11,Double!H11,Surrender!H11) | I11: =MAX(Hit!I11,Stand!I11,Double!I11,Surrender!I11) | ... K11: =MAX(Hit!K11,Stand!K11,Double!K11,Surrender!K11) | M11: 13 | N11: =IF(B11=Stand!B11,"S",IF(B11=Double!B11,"D",IF(B11=Surrender!B11,"R","H"))) | O11: =IF(C11=Stand!C11,"S",IF(C11=Double!C11,"D",IF(C11=Surrender!C11,"R","H"))) | P11: =IF(D11=Stand!D11,"S",IF(D11=Double!D11,"D",IF(D11=Surrender!D11,"R","H"))) | Q11: =IF(E11=Stand!E11,"S",IF(E11=Double!E11,"D",IF(E11=Surrender!E11,"R","H"))) | R11: =IF(F11=Stand!F11,"S",IF(F11=Double!F11,"D",IF(F11=Surrender!F11,"R","H"))) | S11: =IF(G11=Stand!G11,"S",IF(G11=Double!G11,"D",IF(G11=Surrender!G11,"R","H"))) | T11: =IF(H11=Stand!H11,"S",IF(H11=Double!H11,"D",IF(H11=Surrender!H11,"R","H"))) | U11: =IF(I11=Stand!I11,"S",IF(I11=Double!I11,"D",IF(I11=Surrender!I11,"R","H"))) | ... W11: =IF(K11=Stand!K11,"S",IF(K11=Double!K11,"D",IF(K11=Surrender!K11,"R","H")))
A12: 14 | B12: =MAX(Hit!B12,Stand!B12,Double!B12,Surrender!B12) | C12: =MAX(Hit!C12,Stand!C12,Double!C12,Surrender!C12) | D12: =MAX(Hit!D12,Stand!D12,Double!D12,Surrender!D12) | E12: =MAX(Hit!E12,Stand!E12,Double!E12,Surrender!E12) | F12: =MAX(Hit!F12,Stand!F12,Double!F12,Surrender!F12) | G12: =MAX(Hit!G12,Stand!G12,Double!G12,Surrender!G12) | H12: =MAX(Hit!H12,Stand!H12,Double!H12,Surrender!H12) | I12: =MAX(Hit!I12,Stand!I12,Double!I12,Surrender!I12) | ... K12: =MAX(Hit!K12,Stand!K12,Double!K12,Surrender!K12) | M12: 14 | N12: =IF(B12=Stand!B12,"S",IF(B12=Double!B12,"D",IF(B12=Surrender!B12,"R","H"))) | O12: =IF(C12=Stand!C12,"S",IF(C12=Double!C12,"D",IF(C12=Surrender!C12,"R","H"))) | P12: =IF(D12=Stand!D12,"S",IF(D12=Double!D12,"D",IF(D12=Surrender!D12,"R","H"))) | Q12: =IF(E12=Stand!E12,"S",IF(E12=Double!E12,"D",IF(E12=Surrender!E12,"R","H"))) | R12: =IF(F12=Stand!F12,"S",IF(F12=Double!F12,"D",IF(F12=Surrender!F12,"R","H"))) | S12: =IF(G12=Stand!G12,"S",IF(G12=Double!G12,"D",IF(G12=Surrender!G12,"R","H"))) | T12: =IF(H12=Stand!H12,"S",IF(H12=Double!H12,"D",IF(H12=Surrender!H12,"R","H"))) | U12: =IF(I12=Stand!I12,"S",IF(I12=Double!I12,"D",IF(I12=Surrender!I12,"R","H"))) | ... W12: =IF(K12=Stand!K12,"S",IF(K12=Double!K12,"D",IF(K12=Surrender!K12,"R","H")))
A13: 15 | B13: =MAX(Hit!B13,Stand!B13,Double!B13,Surrender!B13) | C13: =MAX(Hit!C13,Stand!C13,Double!C13,Surrender!C13) | D13: =MAX(Hit!D13,Stand!D13,Double!D13,Surrender!D13) | E13: =MAX(Hit!E13,Stand!E13,Double!E13,Surrender!E13) | F13: =MAX(Hit!F13,Stand!F13,Double!F13,Surrender!F13) | G13: =MAX(Hit!G13,Stand!G13,Double!G13,Surrender!G13) | H13: =MAX(Hit!H13,Stand!H13,Double!H13,Surrender!H13) | I13: =MAX(Hit!I13,Stand!I13,Double!I13,Surrender!I13) | ... K13: =MAX(Hit!K13,Stand!K13,Double!K13,Surrender!K13) | M13: 15 | N13: =IF(B13=Stand!B13,"S",IF(B13=Double!B13,"D",IF(B13=Surrender!B13,"R","H"))) | O13: =IF(C13=Stand!C13,"S",IF(C13=Double!C13,"D",IF(C13=Surrender!C13,"R","H"))) | P13: =IF(D13=Stand!D13,"S",IF(D13=Double!D13,"D",IF(D13=Surrender!D13,"R","H"))) | Q13: =IF(E13=Stand!E13,"S",IF(E13=Double!E13,"D",IF(E13=Surrender!E13,"R","H"))) | R13: =IF(F13=Stand!F13,"S",IF(F13=Double!F13,"D",IF(F13=Surrender!F13,"R","H"))) | S13: =IF(G13=Stand!G13,"S",IF(G13=Double!G13,"D",IF(G13=Surrender!G13,"R","H"))) | T13: =IF(H13=Stand!H13,"S",IF(H13=Double!H13,"D",IF(H13=Surrender!H13,"R","H"))) | U13: =IF(I13=Stand!I13,"S",IF(I13=Double!I13,"D",IF(I13=Surrender!I13,"R","H"))) | ... W13: =IF(K13=Stand!K13,"S",IF(K13=Double!K13,"D",IF(K13=Surrender!K13,"R","H")))
... A19: 21 | B19: =MAX(Hit!B19,Stand!B19,Double!B19,Surrender!B19) | C19: =MAX(Hit!C19,Stand!C19,Double!C19,Surrender!C19) | D19: =MAX(Hit!D19,Stand!D19,Double!D19,Surrender!D19) | E19: =MAX(Hit!E19,Stand!E19,Double!E19,Surrender!E19) | F19: =MAX(Hit!F19,Stand!F19,Double!F19,Surrender!F19) | G19: =MAX(Hit!G19,Stand!G19,Double!G19,Surrender!G19) | H19: =MAX(Hit!H19,Stand!H19,Double!H19,Surrender!H19) | I19: =MAX(Hit!I19,Stand!I19,Double!I19,Surrender!I19) | ... K19: =MAX(Hit!K19,Stand!K19,Double!K19,Surrender!K19) | M19: 21 | N19: =IF(B19=Stand!B19,"S",IF(B19=Double!B19,"D",IF(B19=Surrender!B19,"R","H"))) | O19: =IF(C19=Stand!C19,"S",IF(C19=Double!C19,"D",IF(C19=Surrender!C19,"R","H"))) | P19: =IF(D19=Stand!D19,"S",IF(D19=Double!D19,"D",IF(D19=Surrender!D19,"R","H"))) | Q19: =IF(E19=Stand!E19,"S",IF(E19=Double!E19,"D",IF(E19=Surrender!E19,"R","H"))) | R19: =IF(F19=Stand!F19,"S",IF(F19=Double!F19,"D",IF(F19=Surrender!F19,"R","H"))) | S19: =IF(G19=Stand!G19,"S",IF(G19=Double!G19,"D",IF(G19=Surrender!G19,"R","H"))) | T19: =IF(H19=Stand!H19,"S",IF(H19=Double!H19,"D",IF(H19=Surrender!H19,"R","H"))) | U19: =IF(I19=Stand!I19,"S",IF(I19=Double!I19,"D",IF(I19=Surrender!I19,"R","H"))) | ... W19: =IF(K19=Stand!K19,"S",IF(K19=Double!K19,"D",IF(K19=Surrender!K19,"R","H")))
A20: 22 | B20: -1 | C20: -1 | D20: -1 | E20: -1 | F20: -1 | G20: -1 | H20: -1 | I20: -1 | J20: -1 | K20: -1
A21: 23 | B21: -1 | C21: -1 | D21: -1 | E21: -1 | F21: -1 | G21: -1 | H21: -1 | I21: -1 | J21: -1 | K21: -1
A22: 24 | B22: -1 | C22: -1 | D22: -1 | E22: -1 | F22: -1 | G22: -1 | H22: -1 | I22: -1 | J22: -1 | K22: -1
A23: 25 | B23: -1 | C23: -1 | D23: -1 | E23: -1 | F23: -1 | G23: -1 | H23: -1 | I23: -1 | J23: -1 | K23: -1
A24: 26 | B24: -1 | C24: -1 | D24: -1 | E24: -1 | F24: -1 | G24: -1 | H24: -1 | I24: -1 | J24: -1 | K24: -1
A25: 27 | B25: -1 | C25: -1 | D25: -1 | E25: -1 | F25: -1 | G25: -1 | H25: -1 | I25: -1 | J25: -1 | K25: -1
A26: 28 | B26: -1 | C26: -1 | D26: -1 | E26: -1 | F26: -1 | G26: -1 | H26: -1 | I26: -1 | J26: -1 | K26: -1
A27: 29 | B27: -1 | C27: -1 | D27: -1 | E27: -1 | F27: -1 | G27: -1 | H27: -1 | I27: -1 | J27: -1 | K27: -1
A28: 30 | B28: -1 | C28: -1 | D28: -1 | E28: -1 | F28: -1 | G28: -1 | H28: -1 | I28: -1 | J28: -1 | K28: -1
A29: 31 | B29: -1 | C29: -1 | D29: -1 | E29: -1 | F29: -1 | G29: -1 | H29: -1 | I29: -1 | J29: -1 | K29: -1
A31: Soft | M31: Soft
A32: 12 | B32: =MAX(Hit!B32,Stand!B32,Double!B32,Surrender!B32) | C32: =MAX(Hit!C32,Stand!C32,Double!C32,Surrender!C32) | D32: =MAX(Hit!D32,Stand!D32,Double!D32,Surrender!D32) | E32: =MAX(Hit!E32,Stand!E32,Double!E32,Surrender!E32) | F32: =MAX(Hit!F32,Stand!F32,Double!F32,Surrender!F32) | G32: =MAX(Hit!G32,Stand!G32,Double!G32,Surrender!G32) | H32: =MAX(Hit!H32,Stand!H32,Double!H32,Surrender!H32) | I32: =MAX(Hit!I32,Stand!I32,Double!I32,Surrender!I32) | ... K32: =MAX(Hit!K32,Stand!K32,Double!K32,Surrender!K32) | M32: 12 | N32: =IF(B32=Stand!B32,"S",IF(B32=Double!B32,"D",IF(B32=Surrender!B32,"R","H"))) | O32: =IF(C32=Stand!C32,"S",IF(C32=Double!C32,"D",IF(C32=Surrender!C32,"R","H"))) | P32: =IF(D32=Stand!D32,"S",IF(D32=Double!D32,"D",IF(D32=Surrender!D32,"R","H"))) | Q32: =IF(E32=Stand!E32,"S",IF(E32=Double!E32,"D",IF(E32=Surrender!E32,"R","H"))) | R32: =IF(F32=Stand!F32,"S",IF(F32=Double!F32,"D",IF(F32=Surrender!F32,"R","H"))) | S32: =IF(G32=Stand!G32,"S",IF(G32=Double!G32,"D",IF(G32=Surrender!G32,"R","H"))) | T32: =IF(H32=Stand!H32,"S",IF(H32=Double!H32,"D",IF(H32=Surrender!H32,"R","H"))) | U32: =IF(I32=Stand!I32,"S",IF(I32=Double!I32,"D",IF(I32=Surrender!I32,"R","H"))) | ... W32: =IF(K32=Stand!K32,"S",IF(K32=Double!K32,"D",IF(K32=Surrender!K32,"R","H")))
A33: 13 | B33: =MAX(Hit!B33,Stand!B33,Double!B33,Surrender!B33) | C33: =MAX(Hit!C33,Stand!C33,Double!C33,Surrender!C33) | D33: =MAX(Hit!D33,Stand!D33,Double!D33,Surrender!D33) | E33: =MAX(Hit!E33,Stand!E33,Double!E33,Surrender!E33) | F33: =MAX(Hit!F33,Stand!F33,Double!F33,Surrender!F33) | G33: =MAX(Hit!G33,Stand!G33,Double!G33,Surrender!G33) | H33: =MAX(Hit!H33,Stand!H33,Double!H33,Surrender!H33) | I33: =MAX(Hit!I33,Stand!I33,Double!I33,Surrender!I33) | ... K33: =MAX(Hit!K33,Stand!K33,Double!K33,Surrender!K33) | M33: 13 | N33: =IF(B33=Stand!B33,"S",IF(B33=Double!B33,"D",IF(B33=Surrender!B33,"R","H"))) | O33: =IF(C33=Stand!C33,"S",IF(C33=Double!C33,"D",IF(C33=Surrender!C33,"R","H"))) | P33: =IF(D33=Stand!D33,"S",IF(D33=Double!D33,"D",IF(D33=Surrender!D33,"R","H"))) | Q33: =IF(E33=Stand!E33,"S",IF(E33=Double!E33,"D",IF(E33=Surrender!E33,"R","H"))) | R33: =IF(F33=Stand!F33,"S",IF(F33=Double!F33,"D",IF(F33=Surrender!F33,"R","H"))) | S33: =IF(G33=Stand!G33,"S",IF(G33=Double!G33,"D",IF(G33=Surrender!G33,"R","H"))) | T33: =IF(H33=Stand!H33,"S",IF(H33=Double!H33,"D",IF(H33=Surrender!H33,"R","H"))) | U33: =IF(I33=Stand!I33,"S",IF(I33=Double!I33,"D",IF(I33=Surrender!I33,"R","H"))) | ... W33: =IF(K33=Stand!K33,"S",IF(K33=Double!K33,"D",IF(K33=Surrender!K33,"R","H")))
A34: 14 | B34: =MAX(Hit!B34,Stand!B34,Double!B34,Surrender!B34) | C34: =MAX(Hit!C34,Stand!C34,Double!C34,Surrender!C34) | D34: =MAX(Hit!D34,Stand!D34,Double!D34,Surrender!D34) | E34: =MAX(Hit!E34,Stand!E34,Double!E34,Surrender!E34) | F34: =MAX(Hit!F34,Stand!F34,Double!F34,Surrender!F34) | G34: =MAX(Hit!G34,Stand!G34,Double!G34,Surrender!G34) | H34: =MAX(Hit!H34,Stand!H34,Double!H34,Surrender!H34) | I34: =MAX(Hit!I34,Stand!I34,Double!I34,Surrender!I34) | ... K34: =MAX(Hit!K34,Stand!K34,Double!K34,Surrender!K34) | M34: 14 | N34: =IF(B34=Stand!B34,"S",IF(B34=Double!B34,"D",IF(B34=Surrender!B34,"R","H"))) | O34: =IF(C34=Stand!C34,"S",IF(C34=Double!C34,"D",IF(C34=Surrender!C34,"R","H"))) | P34: =IF(D34=Stand!D34,"S",IF(D34=Double!D34,"D",IF(D34=Surrender!D34,"R","H"))) | Q34: =IF(E34=Stand!E34,"S",IF(E34=Double!E34,"D",IF(E34=Surrender!E34,"R","H"))) | R34: =IF(F34=Stand!F34,"S",IF(F34=Double!F34,"D",IF(F34=Surrender!F34,"R","H"))) | S34: =IF(G34=Stand!G34,"S",IF(G34=Double!G34,"D",IF(G34=Surrender!G34,"R","H"))) | T34: =IF(H34=Stand!H34,"S",IF(H34=Double!H34,"D",IF(H34=Surrender!H34,"R","H"))) | U34: =IF(I34=Stand!I34,"S",IF(I34=Double!I34,"D",IF(I34=Surrender!I34,"R","H"))) | ... W34: =IF(K34=Stand!K34,"S",IF(K34=Double!K34,"D",IF(K34=Surrender!K34,"R","H")))
A35: 15 | B35: =MAX(Hit!B35,Stand!B35,Double!B35,Surrender!B35) | C35: =MAX(Hit!C35,Stand!C35,Double!C35,Surrender!C35) | D35: =MAX(Hit!D35,Stand!D35,Double!D35,Surrender!D35) | E35: =MAX(Hit!E35,Stand!E35,Double!E35,Surrender!E35) | F35: =MAX(Hit!F35,Stand!F35,Double!F35,Surrender!F35) | G35: =MAX(Hit!G35,Stand!G35,Double!G35,Surrender!G35) | H35: =MAX(Hit!H35,Stand!H35,Double!H35,Surrender!H35) | I35: =MAX(Hit!I35,Stand!I35,Double!I35,Surrender!I35) | ... K35: =MAX(Hit!K35,Stand!K35,Double!K35,Surrender!K35) | M35: 15 | N35: =IF(B35=Stand!B35,"S",IF(B35=Double!B35,"D",IF(B35=Surrender!B35,"R","H"))) | O35: =IF(C35=Stand!C35,"S",IF(C35=Double!C35,"D",IF(C35=Surrender!C35,"R","H"))) | P35: =IF(D35=Stand!D35,"S",IF(D35=Double!D35,"D",IF(D35=Surrender!D35,"R","H"))) | Q35: =IF(E35=Stand!E35,"S",IF(E35=Double!E35,"D",IF(E35=Surrender!E35,"R","H"))) | R35: =IF(F35=Stand!F35,"S",IF(F35=Double!F35,"D",IF(F35=Surrender!F35,"R","H"))) | S35: =IF(G35=Stand!G35,"S",IF(G35=Double!G35,"D",IF(G35=Surrender!G35,"R","H"))) | T35: =IF(H35=Stand!H35,"S",IF(H35=Double!H35,"D",IF(H35=Surrender!H35,"R","H"))) | U35: =IF(I35=Stand!I35,"S",IF(I35=Double!I35,"D",IF(I35=Surrender!I35,"R","H"))) | ... W35: =IF(K35=Stand!K35,"S",IF(K35=Double!K35,"D",IF(K35=Surrender!K35,"R","H")))
A36: 16 | B36: =MAX(Hit!B36,Stand!B36,Double!B36,Surrender!B36) | C36: =MAX(Hit!C36,Stand!C36,Double!C36,Surrender!C36) | D36: =MAX(Hit!D36,Stand!D36,Double!D36,Surrender!D36) | E36: =MAX(Hit!E36,Stand!E36,Double!E36,Surrender!E36) | F36: =MAX(Hit!F36,Stand!F36,Double!F36,Surrender!F36) | G36: =MAX(Hit!G36,Stand!G36,Double!G36,Surrender!G36) | H36: =MAX(Hit!H36,Stand!H36,Double!H36,Surrender!H36) | I36: =MAX(Hit!I36,Stand!I36,Double!I36,Surrender!I36) | ... K36: =MAX(Hit!K36,Stand!K36,Double!K36,Surrender!K36) | M36: 16 | N36: =IF(B36=Stand!B36,"S",IF(B36=Double!B36,"D",IF(B36=Surrender!B36,"R","H"))) | O36: =IF(C36=Stand!C36,"S",IF(C36=Double!C36,"D",IF(C36=Surrender!C36,"R","H"))) | P36: =IF(D36=Stand!D36,"S",IF(D36=Double!D36,"D",IF(D36=Surrender!D36,"R","H"))) | Q36: =IF(E36=Stand!E36,"S",IF(E36=Double!E36,"D",IF(E36=Surrender!E36,"R","H"))) | R36: =IF(F36=Stand!F36,"S",IF(F36=Double!F36,"D",IF(F36=Surrender!F36,"R","H"))) | S36: =IF(G36=Stand!G36,"S",IF(G36=Double!G36,"D",IF(G36=Surrender!G36,"R","H"))) | T36: =IF(H36=Stand!H36,"S",IF(H36=Double!H36,"D",IF(H36=Surrender!H36,"R","H"))) | U36: =IF(I36=Stand!I36,"S",IF(I36=Double!I36,"D",IF(I36=Surrender!I36,"R","H"))) | ... W36: =IF(K36=Stand!K36,"S",IF(K36=Double!K36,"D",IF(K36=Surrender!K36,"R","H")))
A37: 17 | B37: =MAX(Hit!B37,Stand!B37,Double!B37,Surrender!B37) | C37: =MAX(Hit!C37,Stand!C37,Double!C37,Surrender!C37) | D37: =MAX(Hit!D37,Stand!D37,Double!D37,Surrender!D37) | E37: =MAX(Hit!E37,Stand!E37,Double!E37,Surrender!E37) | F37: =MAX(Hit!F37,Stand!F37,Double!F37,Surrender!F37) | G37: =MAX(Hit!G37,Stand!G37,Double!G37,Surrender!G37) | H37: =MAX(Hit!H37,Stand!H37,Double!H37,Surrender!H37) | I37: =MAX(Hit!I37,Stand!I37,Double!I37,Surrender!I37) | ... K37: =MAX(Hit!K37,Stand!K37,Double!K37,Surrender!K37) | M37: 17 | N37: =IF(B37=Stand!B37,"S",IF(B37=Double!B37,"D",IF(B37=Surrender!B37,"R","H"))) | O37: =IF(C37=Stand!C37,"S",IF(C37=Double!C37,"D",IF(C37=Surrender!C37,"R","H"))) | P37: =IF(D37=Stand!D37,"S",IF(D37=Double!D37,"D",IF(D37=Surrender!D37,"R","H"))) | Q37: =IF(E37=Stand!E37,"S",IF(E37=Double!E37,"D",IF(E37=Surrender!E37,"R","H"))) | R37: =IF(F37=Stand!F37,"S",IF(F37=Double!F37,"D",IF(F37=Surrender!F37,"R","H"))) | S37: =IF(G37=Stand!G37,"S",IF(G37=Double!G37,"D",IF(G37=Surrender!G37,"R","H"))) | T37: =IF(H37=Stand!H37,"S",IF(H37=Double!H37,"D",IF(H37=Surrender!H37,"R","H"))) | U37: =IF(I37=Stand!I37,"S",IF(I37=Double!I37,"D",IF(I37=Surrender!I37,"R","H"))) | ... W37: =IF(K37=Stand!K37,"S",IF(K37=Double!K37,"D",IF(K37=Surrender!K37,"R","H")))
A38: 18 | B38: =MAX(Hit!B38,Stand!B38,Double!B38,Surrender!B38) | C38: =MAX(Hit!C38,Stand!C38,Double!C38,Surrender!C38) | D38: =MAX(Hit!D38,Stand!D38,Double!D38,Surrender!D38) | E38: =MAX(Hit!E38,Stand!E38,Double!E38,Surrender!E38) | F38: =MAX(Hit!F38,Stand!F38,Double!F38,Surrender!F38) | G38: =MAX(Hit!G38,Stand!G38,Double!G38,Surrender!G38) | H38: =MAX(Hit!H38,Stand!H38,Double!H38,Surrender!H38) | I38: =MAX(Hit!I38,Stand!I38,Double!I38,Surrender!I38) | ... K38: =MAX(Hit!K38,Stand!K38,Double!K38,Surrender!K38) | M38: 18 | N38: =IF(B38=Stand!B38,"S",IF(B38=Double!B38,"D",IF(B38=Surrender!B38,"R","H"))) | O38: =IF(C38=Stand!C38,"S",IF(C38=Double!C38,"D",IF(C38=Surrender!C38,"R","H"))) | P38: =IF(D38=Stand!D38,"S",IF(D38=Double!D38,"D",IF(D38=Surrender!D38,"R","H"))) | Q38: =IF(E38=Stand!E38,"S",IF(E38=Double!E38,"D",IF(E38=Surrender!E38,"R","H"))) | R38: =IF(F38=Stand!F38,"S",IF(F38=Double!F38,"D",IF(F38=Surrender!F38,"R","H"))) | S38: =IF(G38=Stand!G38,"S",IF(G38=Double!G38,"D",IF(G38=Surrender!G38,"R","H"))) | T38: =IF(H38=Stand!H38,"S",IF(H38=Double!H38,"D",IF(H38=Surrender!H38,"R","H"))) | U38: =IF(I38=Stand!I38,"S",IF(I38=Double!I38,"D",IF(I38=Surrender!I38,"R","H"))) | ... W38: =IF(K38=Stand!K38,"S",IF(K38=Double!K38,"D",IF(K38=Surrender!K38,"R","H")))
A39: 19 | B39: =MAX(Hit!B39,Stand!B39,Double!B39,Surrender!B39) | C39: =MAX(Hit!C39,Stand!C39,Double!C39,Surrender!C39) | D39: =MAX(Hit!D39,Stand!D39,Double!D39,Surrender!D39) | E39: =MAX(Hit!E39,Stand!E39,Double!E39,Surrender!E39) | F39: =MAX(Hit!F39,Stand!F39,Double!F39,Surrender!F39) | G39: =MAX(Hit!G39,Stand!G39,Double!G39,Surrender!G39) | H39: =MAX(Hit!H39,Stand!H39,Double!H39,Surrender!H39) | I39: =MAX(Hit!I39,Stand!I39,Double!I39,Surrender!I39) | ... K39: =MAX(Hit!K39,Stand!K39,Double!K39,Surrender!K39) | M39: 19 | N39: =IF(B39=Stand!B39,"S",IF(B39=Double!B39,"D",IF(B39=Surrender!B39,"R","H"))) | O39: =IF(C39=Stand!C39,"S",IF(C39=Double!C39,"D",IF(C39=Surrender!C39,"R","H"))) | P39: =IF(D39=Stand!D39,"S",IF(D39=Double!D39,"D",IF(D39=Surrender!D39,"R","H"))) | Q39: =IF(E39=Stand!E39,"S",IF(E39=Double!E39,"D",IF(E39=Surrender!E39,"R","H"))) | R39: =IF(F39=Stand!F39,"S",IF(F39=Double!F39,"D",IF(F39=Surrender!F39,"R","H"))) | S39: =IF(G39=Stand!G39,"S",IF(G39=Double!G39,"D",IF(G39=Surrender!G39,"R","H"))) | T39: =IF(H39=Stand!H39,"S",IF(H39=Double!H39,"D",IF(H39=Surrender!H39,"R","H"))) | U39: =IF(I39=Stand!I39,"S",IF(I39=Double!I39,"D",IF(I39=Surrender!I39,"R","H"))) | ... W39: =IF(K39=Stand!K39,"S",IF(K39=Double!K39,"D",IF(K39=Surrender!K39,"R","H")))
A40: 20 | B40: =MAX(Hit!B40,Stand!B40,Double!B40,Surrender!B40) | C40: =MAX(Hit!C40,Stand!C40,Double!C40,Surrender!C40) | D40: =MAX(Hit!D40,Stand!D40,Double!D40,Surrender!D40) | E40: =MAX(Hit!E40,Stand!E40,Double!E40,Surrender!E40) | F40: =MAX(Hit!F40,Stand!F40,Double!F40,Surrender!F40) | G40: =MAX(Hit!G40,Stand!G40,Double!G40,Surrender!G40) | H40: =MAX(Hit!H40,Stand!H40,Double!H40,Surrender!H40) | I40: =MAX(Hit!I40,Stand!I40,Double!I40,Surrender!I40) | ... K40: =MAX(Hit!K40,Stand!K40,Double!K40,Surrender!K40) | M40: 20 | N40: =IF(B40=Stand!B40,"S",IF(B40=Double!B40,"D",IF(B40=Surrender!B40,"R","H"))) | O40: =IF(C40=Stand!C40,"S",IF(C40=Double!C40,"D",IF(C40=Surrender!C40,"R","H"))) | P40: =IF(D40=Stand!D40,"S",IF(D40=Double!D40,"D",IF(D40=Surrender!D40,"R","H"))) | Q40: =IF(E40=Stand!E40,"S",IF(E40=Double!E40,"D",IF(E40=Surrender!E40,"R","H"))) | R40: =IF(F40=Stand!F40,"S",IF(F40=Double!F40,"D",IF(F40=Surrender!F40,"R","H"))) | S40: =IF(G40=Stand!G40,"S",IF(G40=Double!G40,"D",IF(G40=Surrender!G40,"R","H"))) | T40: =IF(H40=Stand!H40,"S",IF(H40=Double!H40,"D",IF(H40=Surrender!H40,"R","H"))) | U40: =IF(I40=Stand!I40,"S",IF(I40=Double!I40,"D",IF(I40=Surrender!I40,"R","H"))) | ... W40: =IF(K40=Stand!K40,"S",IF(K40=Double!K40,"D",IF(K40=Surrender!K40,"R","H")))
A41: 21 | B41: =MAX(Hit!B41,Stand!B41,Double!B41,Surrender!B41) | C41: =MAX(Hit!C41,Stand!C41,Double!C41,Surrender!C41) | D41: =MAX(Hit!D41,Stand!D41,Double!D41,Surrender!D41) | E41: =MAX(Hit!E41,Stand!E41,Double!E41,Surrender!E41) | F41: =MAX(Hit!F41,Stand!F41,Double!F41,Surrender!F41) | G41: =MAX(Hit!G41,Stand!G41,Double!G41,Surrender!G41) | H41: =MAX(Hit!H41,Stand!H41,Double!H41,Surrender!H41) | I41: =MAX(Hit!I41,Stand!I41,Double!I41,Surrender!I41) | ... K41: =MAX(Hit!K41,Stand!K41,Double!K41,Surrender!K41) | M41: 21 | N41: =IF(B41=Stand!B41,"S",IF(B41=Double!B41,"D",IF(B41=Surrender!B41,"R","H"))) | O41: =IF(C41=Stand!C41,"S",IF(C41=Double!C41,"D",IF(C41=Surrender!C41,"R","H"))) | P41: =IF(D41=Stand!D41,"S",IF(D41=Double!D41,"D",IF(D41=Surrender!D41,"R","H"))) | Q41: =IF(E41=Stand!E41,"S",IF(E41=Double!E41,"D",IF(E41=Surrender!E41,"R","H"))) | R41: =IF(F41=Stand!F41,"S",IF(F41=Double!F41,"D",IF(F41=Surrender!F41,"R","H"))) | S41: =IF(G41=Stand!G41,"S",IF(G41=Double!G41,"D",IF(G41=Surrender!G41,"R","H"))) | T41: =IF(H41=Stand!H41,"S",IF(H41=Double!H41,"D",IF(H41=Surrender!H41,"R","H"))) | U41: =IF(I41=Stand!I41,"S",IF(I41=Double!I41,"D",IF(I41=Surrender!I41,"R","H"))) | ... W41: =IF(K41=Stand!K41,"S",IF(K41=Double!K41,"D",IF(K41=Surrender!K41,"R","H")))
A42: 22 | B42: =MAX(Hit!B42,Stand!B42,Double!B42,Surrender!B42) | C42: =MAX(Hit!C42,Stand!C42,Double!C42,Surrender!C42) | D42: =MAX(Hit!D42,Stand!D42,Double!D42,Surrender!D42) | E42: =MAX(Hit!E42,Stand!E42,Double!E42,Surrender!E42) | F42: =MAX(Hit!F42,Stand!F42,Double!F42,Surrender!F42) | G42: =MAX(Hit!G42,Stand!G42,Double!G42,Surrender!G42) | H42: =MAX(Hit!H42,Stand!H42,Double!H42,Surrender!H42) | I42: =MAX(Hit!I42,Stand!I42,Double!I42,Surrender!I42) | ... K42: =MAX(Hit!K42,Stand!K42,Double!K42,Surrender!K42)
A43: 23 | B43: =MAX(Hit!B43,Stand!B43,Double!B43,Surrender!B43) | C43: =MAX(Hit!C43,Stand!C43,Double!C43,Surrender!C43) | D43: =MAX(Hit!D43,Stand!D43,Double!D43,Surrender!D43) | E43: =MAX(Hit!E43,Stand!E43,Double!E43,Surrender!E43) | F43: =MAX(Hit!F43,Stand!F43,Double!F43,Surrender!F43) | G43: =MAX(Hit!G43,Stand!G43,Double!G43,Surrender!G43) | H43: =MAX(Hit!H43,Stand!H43,Double!H43,Surrender!H43) | I43: =MAX(Hit!I43,Stand!I43,Double!I43,Surrender!I43) | ... K43: =MAX(Hit!K43,Stand!K43,Double!K43,Surrender!K43)
A44: 24 | B44: =MAX(Hit!B44,Stand!B44,Double!B44,Surrender!B44) | C44: =MAX(Hit!C44,Stand!C44,Double!C44,Surrender!C44) | D44: =MAX(Hit!D44,Stand!D44,Double!D44,Surrender!D44) | E44: =MAX(Hit!E44,Stand!E44,Double!E44,Surrender!E44) | F44: =MAX(Hit!F44,Stand!F44,Double!F44,Surrender!F44) | G44: =MAX(Hit!G44,Stand!G44,Double!G44,Surrender!G44) | H44: =MAX(Hit!H44,Stand!H44,Double!H44,Surrender!H44) | I44: =MAX(Hit!I44,Stand!I44,Double!I44,Surrender!I44) | ... K44: =MAX(Hit!K44,Stand!K44,Double!K44,Surrender!K44)
A45: 25 | B45: =MAX(Hit!B45,Stand!B45,Double!B45,Surrender!B45) | C45: =MAX(Hit!C45,Stand!C45,Double!C45,Surrender!C45) | D45: =MAX(Hit!D45,Stand!D45,Double!D45,Surrender!D45) | E45: =MAX(Hit!E45,Stand!E45,Double!E45,Surrender!E45) | F45: =MAX(Hit!F45,Stand!F45,Double!F45,Surrender!F45) | G45: =MAX(Hit!G45,Stand!G45,Double!G45,Surrender!G45) | H45: =MAX(Hit!H45,Stand!H45,Double!H45,Surrender!H45) | I45: =MAX(Hit!I45,Stand!I45,Double!I45,Surrender!I45) | ... K45: =MAX(Hit!K45,Stand!K45,Double!K45,Surrender!K45)
A46: 26 | B46: =MAX(Hit!B46,Stand!B46,Double!B46,Surrender!B46) | C46: =MAX(Hit!C46,Stand!C46,Double!C46,Surrender!C46) | D46: =MAX(Hit!D46,Stand!D46,Double!D46,Surrender!D46) | E46: =MAX(Hit!E46,Stand!E46,Double!E46,Surrender!E46) | F46: =MAX(Hit!F46,Stand!F46,Double!F46,Surrender!F46) | G46: =MAX(Hit!G46,Stand!G46,Double!G46,Surrender!G46) | H46: =MAX(Hit!H46,Stand!H46,Double!H46,Surrender!H46) | I46: =MAX(Hit!I46,Stand!I46,Double!I46,Surrender!I46) | ... K46: =MAX(Hit!K46,Stand!K46,Double!K46,Surrender!K46)
A47: 27 | B47: =MAX(Hit!B47,Stand!B47,Double!B47,Surrender!B47) | C47: =MAX(Hit!C47,Stand!C47,Double!C47,Surrender!C47) | D47: =MAX(Hit!D47,Stand!D47,Double!D47,Surrender!D47) | E47: =MAX(Hit!E47,Stand!E47,Double!E47,Surrender!E47) | F47: =MAX(Hit!F47,Stand!F47,Double!F47,Surrender!F47) | G47: =MAX(Hit!G47,Stand!G47,Double!G47,Surrender!G47) | H47: =MAX(Hit!H47,Stand!H47,Double!H47,Surrender!H47) | I47: =MAX(Hit!I47,Stand!I47,Double!I47,Surrender!I47) | ... K47: =MAX(Hit!K47,Stand!K47,Double!K47,Surrender!K47)
A48: 28 | B48: =MAX(Hit!B48,Stand!B48,Double!B48,Surrender!B48) | C48: =MAX(Hit!C48,Stand!C48,Double!C48,Surrender!C48) | D48: =MAX(Hit!D48,Stand!D48,Double!D48,Surrender!D48) | E48: =MAX(Hit!E48,Stand!E48,Double!E48,Surrender!E48) | F48: =MAX(Hit!F48,Stand!F48,Double!F48,Surrender!F48) | G48: =MAX(Hit!G48,Stand!G48,Double!G48,Surrender!G48) | H48: =MAX(Hit!H48,Stand!H48,Double!H48,Surrender!H48) | I48: =MAX(Hit!I48,Stand!I48,Double!I48,Surrender!I48) | ... K48: =MAX(Hit!K48,Stand!K48,Double!K48,Surrender!K48)
A49: 29 | B49: =MAX(Hit!B49,Stand!B49,Double!B49,Surrender!B49) | C49: =MAX(Hit!C49,Stand!C49,Double!C49,Surrender!C49) | D49: =MAX(Hit!D49,Stand!D49,Double!D49,Surrender!D49) | E49: =MAX(Hit!E49,Stand!E49,Double!E49,Surrender!E49) | F49: =MAX(Hit!F49,Stand!F49,Double!F49,Surrender!F49) | G49: =MAX(Hit!G49,Stand!G49,Double!G49,Surrender!G49) | H49: =MAX(Hit!H49,Stand!H49,Double!H49,Surrender!H49) | I49: =MAX(Hit!I49,Stand!I49,Double!I49,Surrender!I49) | ... K49: =MAX(Hit!K49,Stand!K49,Double!K49,Surrender!K49)
A50: 30 | B50: =MAX(Hit!B50,Stand!B50,Double!B50,Surrender!B50) | C50: =MAX(Hit!C50,Stand!C50,Double!C50,Surrender!C50) | D50: =MAX(Hit!D50,Stand!D50,Double!D50,Surrender!D50) | E50: =MAX(Hit!E50,Stand!E50,Double!E50,Surrender!E50) | F50: =MAX(Hit!F50,Stand!F50,Double!F50,Surrender!F50) | G50: =MAX(Hit!G50,Stand!G50,Double!G50,Surrender!G50) | H50: =MAX(Hit!H50,Stand!H50,Double!H50,Surrender!H50) | I50: =MAX(Hit!I50,Stand!I50,Double!I50,Surrender!I50) | ... K50: =MAX(Hit!K50,Stand!K50,Double!K50,Surrender!K50)
A51: 31 | B51: =MAX(Hit!B51,Stand!B51,Double!B51,Surrender!B51) | C51: =MAX(Hit!C51,Stand!C51,Double!C51,Surrender!C51) | D51: =MAX(Hit!D51,Stand!D51,Double!D51,Surrender!D51) | E51: =MAX(Hit!E51,Stand!E51,Double!E51,Surrender!E51) | F51: =MAX(Hit!F51,Stand!F51,Double!F51,Surrender!F51) | G51: =MAX(Hit!G51,Stand!G51,Double!G51,Surrender!G51) | H51: =MAX(Hit!H51,Stand!H51,Double!H51,Surrender!H51) | I51: =MAX(Hit!I51,Stand!I51,Double!I51,Surrender!I51) | ... K51: =MAX(Hit!K51,Stand!K51,Double!K51,Surrender!K51)

Sheet Split
A1: Pair | B1: 2 | C1: 3 | D1: 4 | E1: 5 | F1: 6 | G1: 7 | H1: 8 | I1: 9 | J1: 10 | K1: Ace
A2: 2 | B2: =2*(SUM(HSD!B2:B9)+4*HSD!B10+HSD!B33)/13 | C2: =2*(SUM(HSD!C2:C9)+4*HSD!C10+HSD!C33)/13 | D2: =2*(SUM(HSD!D2:D9)+4*HSD!D10+HSD!D33)/13 | E2: =2*(SUM(HSD!E2:E9)+4*HSD!E10+HSD!E33)/13 | F2: =2*(SUM(HSD!F2:F9)+4*HSD!F10+HSD!F33)/13 | G2: =2*(SUM(HSD!G2:G9)+4*HSD!G10+HSD!G33)/13 | H2: =2*(SUM(HSD!H2:H9)+4*HSD!H10+HSD!H33)/13 | I2: =2*(SUM(HSD!I2:I9)+4*HSD!I10+HSD!I33)/13 | ... K2: =2*(SUM(HSD!K2:K9)+4*HSD!K10+HSD!K33)/13
A3: 3 | B3: =2*(SUM(HSD!B3:B10)+4*HSD!B11+HSD!B34)/13 | C3: =2*(SUM(HSD!C3:C10)+4*HSD!C11+HSD!C34)/13 | D3: =2*(SUM(HSD!D3:D10)+4*HSD!D11+HSD!D34)/13 | E3: =2*(SUM(HSD!E3:E10)+4*HSD!E11+HSD!E34)/13 | F3: =2*(SUM(HSD!F3:F10)+4*HSD!F11+HSD!F34)/13 | G3: =2*(SUM(HSD!G3:G10)+4*HSD!G11+HSD!G34)/13 | H3: =2*(SUM(HSD!H3:H10)+4*HSD!H11+HSD!H34)/13 | I3: =2*(SUM(HSD!I3:I10)+4*HSD!I11+HSD!I34)/13 | ... K3: =2*(SUM(HSD!K3:K10)+4*HSD!K11+HSD!K34)/13
A4: 4 | B4: =2*(SUM(HSD!B4:B11)+4*HSD!B12+HSD!B35)/13 | C4: =2*(SUM(HSD!C4:C11)+4*HSD!C12+HSD!C35)/13 | D4: =2*(SUM(HSD!D4:D11)+4*HSD!D12+HSD!D35)/13 | E4: =2*(SUM(HSD!E4:E11)+4*HSD!E12+HSD!E35)/13 | F4: =2*(SUM(HSD!F4:F11)+4*HSD!F12+HSD!F35)/13 | G4: =2*(SUM(HSD!G4:G11)+4*HSD!G12+HSD!G35)/13 | H4: =2*(SUM(HSD!H4:H11)+4*HSD!H12+HSD!H35)/13 | I4: =2*(SUM(HSD!I4:I11)+4*HSD!I12+HSD!I35)/13 | ... K4: =2*(SUM(HSD!K4:K11)+4*HSD!K12+HSD!K35)/13
A5: 5 | B5: =2*(SUM(HSD!B5:B12)+4*HSD!B13+HSD!B36)/13 | C5: =2*(SUM(HSD!C5:C12)+4*HSD!C13+HSD!C36)/13 | D5: =2*(SUM(HSD!D5:D12)+4*HSD!D13+HSD!D36)/13 | E5: =2*(SUM(HSD!E5:E12)+4*HSD!E13+HSD!E36)/13 | F5: =2*(SUM(HSD!F5:F12)+4*HSD!F13+HSD!F36)/13 | G5: =2*(SUM(HSD!G5:G12)+4*HSD!G13+HSD!G36)/13 | H5: =2*(SUM(HSD!H5:H12)+4*HSD!H13+HSD!H36)/13 | I5: =2*(SUM(HSD!I5:I12)+4*HSD!I13+HSD!I36)/13 | ... K5: =2*(SUM(HSD!K5:K12)+4*HSD!K13+HSD!K36)/13
A6: 6 | B6: =2*(SUM(HSD!B6:B13)+4*HSD!B14+HSD!B37)/13 | C6: =2*(SUM(HSD!C6:C13)+4*HSD!C14+HSD!C37)/13 | D6: =2*(SUM(HSD!D6:D13)+4*HSD!D14+HSD!D37)/13 | E6: =2*(SUM(HSD!E6:E13)+4*HSD!E14+HSD!E37)/13 | F6: =2*(SUM(HSD!F6:F13)+4*HSD!F14+HSD!F37)/13 | G6: =2*(SUM(HSD!G6:G13)+4*HSD!G14+HSD!G37)/13 | H6: =2*(SUM(HSD!H6:H13)+4*HSD!H14+HSD!H37)/13 | I6: =2*(SUM(HSD!I6:I13)+4*HSD!I14+HSD!I37)/13 | ... K6: =2*(SUM(HSD!K6:K13)+4*HSD!K14+HSD!K37)/13
A7: 7 | B7: =2*(SUM(HSD!B7:B14)+4*HSD!B15+HSD!B38)/13 | C7: =2*(SUM(HSD!C7:C14)+4*HSD!C15+HSD!C38)/13 | D7: =2*(SUM(HSD!D7:D14)+4*HSD!D15+HSD!D38)/13 | E7: =2*(SUM(HSD!E7:E14)+4*HSD!E15+HSD!E38)/13 | F7: =2*(SUM(HSD!F7:F14)+4*HSD!F15+HSD!F38)/13 | G7: =2*(SUM(HSD!G7:G14)+4*HSD!G15+HSD!G38)/13 | H7: =2*(SUM(HSD!H7:H14)+4*HSD!H15+HSD!H38)/13 | I7: =2*(SUM(HSD!I7:I14)+4*HSD!I15+HSD!I38)/13 | ... K7: =2*(SUM(HSD!K7:K14)+4*HSD!K15+HSD!K38)/13
A8: 8 | B8: =2*(SUM(HSD!B8:B15)+4*HSD!B16+HSD!B39)/13 | C8: =2*(SUM(HSD!C8:C15)+4*HSD!C16+HSD!C39)/13 | D8: =2*(SUM(HSD!D8:D15)+4*HSD!D16+HSD!D39)/13 | E8: =2*(SUM(HSD!E8:E15)+4*HSD!E16+HSD!E39)/13 | F8: =2*(SUM(HSD!F8:F15)+4*HSD!F16+HSD!F39)/13 | G8: =2*(SUM(HSD!G8:G15)+4*HSD!G16+HSD!G39)/13 | H8: =2*(SUM(HSD!H8:H15)+4*HSD!H16+HSD!H39)/13 | I8: =2*(SUM(HSD!I8:I15)+4*HSD!I16+HSD!I39)/13 | ... K8: =2*(SUM(HSD!K8:K15)+4*HSD!K16+HSD!K39)/13
A9: 9 | B9: =2*(SUM(HSD!B9:B16)+4*HSD!B17+HSD!B40)/13 | C9: =2*(SUM(HSD!C9:C16)+4*HSD!C17+HSD!C40)/13 | D9: =2*(SUM(HSD!D9:D16)+4*HSD!D17+HSD!D40)/13 | E9: =2*(SUM(HSD!E9:E16)+4*HSD!E17+HSD!E40)/13 | F9: =2*(SUM(HSD!F9:F16)+4*HSD!F17+HSD!F40)/13 | G9: =2*(SUM(HSD!G9:G16)+4*HSD!G17+HSD!G40)/13 | H9: =2*(SUM(HSD!H9:H16)+4*HSD!H17+HSD!H40)/13 | I9: =2*(SUM(HSD!I9:I16)+4*HSD!I17+HSD!I40)/13 | ... K9: =2*(SUM(HSD!K9:K16)+4*HSD!K17+HSD!K40)/13
A10: 10 | B10: =2*(SUM(HSD!B10:B17)+4*HSD!B18+HSD!B41)/13 | C10: =2*(SUM(HSD!C10:C17)+4*HSD!C18+HSD!C41)/13 | D10: =2*(SUM(HSD!D10:D17)+4*HSD!D18+HSD!D41)/13 | E10: =2*(SUM(HSD!E10:E17)+4*HSD!E18+HSD!E41)/13 | F10: =2*(SUM(HSD!F10:F17)+4*HSD!F18+HSD!F41)/13 | G10: =2*(SUM(HSD!G10:G17)+4*HSD!G18+HSD!G41)/13 | H10: =2*(SUM(HSD!H10:H17)+4*HSD!H18+HSD!H41)/13 | I10: =2*(SUM(HSD!I10:I17)+4*HSD!I18+HSD!I41)/13 | ... K10: =2*(SUM(HSD!K10:K17)+4*HSD!K18+HSD!K41)/13
A11: Ace | B11: =2*(SUM(Stand!B32:B40)+4*Stand!B41)/13 | C11: =2*(SUM(Stand!C32:C40)+4*Stand!C41)/13 | D11: =2*(SUM(Stand!D32:D40)+4*Stand!D41)/13 | E11: =2*(SUM(Stand!E32:E40)+4*Stand!E41)/13 | F11: =2*(SUM(Stand!F32:F40)+4*Stand!F41)/13 | G11: =2*(SUM(Stand!G32:G40)+4*Stand!G41)/13 | H11: =2*(SUM(Stand!H32:H40)+4*Stand!H41)/13 | I11: =2*(SUM(Stand!I32:I40)+4*Stand!I41)/13 | ... K11: =2*(SUM(Stand!K32:K40)+4*Stand!K41)/13
A13: Best
A15: Pair | B15: 2 | C15: 3 | D15: 4 | E15: 5 | F15: 6 | G15: 7 | H15: 8 | I15: 9 | J15: 10 | K15: Ace
A16: 2 | B16: =MAX(B2,HSD!B2) | C16: =MAX(C2,HSD!C2) | D16: =MAX(D2,HSD!D2) | E16: =MAX(E2,HSD!E2) | F16: =MAX(F2,HSD!F2) | G16: =MAX(G2,HSD!G2) | H16: =MAX(H2,HSD!H2) | I16: =MAX(I2,HSD!I2) | ... K16: =MAX(K2,HSD!K2)
A17: 3 | B17: =MAX(B3,HSD!B4) | C17: =MAX(C3,HSD!C4) | D17: =MAX(D3,HSD!D4) | E17: =MAX(E3,HSD!E4) | F17: =MAX(F3,HSD!F4) | G17: =MAX(G3,HSD!G4) | H17: =MAX(H3,HSD!H4) | I17: =MAX(I3,HSD!I4) | ... K17: =MAX(K3,HSD!K4)
A18: 4 | B18: =MAX(B4,HSD!B6) | C18: =MAX(C4,HSD!C6) | D18: =MAX(D4,HSD!D6) | E18: =MAX(E4,HSD!E6) | F18: =MAX(F4,HSD!F6) | G18: =MAX(G4,HSD!G6) | H18: =MAX(H4,HSD!H6) | I18: =MAX(I4,HSD!I6) | ... K18: =MAX(K4,HSD!K6)
A19: 5 | B19: =MAX(B5,HSD!B8) | C19: =MAX(C5,HSD!C8) | D19: =MAX(D5,HSD!D8) | E19: =MAX(E5,HSD!E8) | F19: =MAX(F5,HSD!F8) | G19: =MAX(G5,HSD!G8) | H19: =MAX(H5,HSD!H8) | I19: =MAX(I5,HSD!I8) | ... K19: =MAX(K5,HSD!K8)
A20: 6 | B20: =MAX(B6,HSD!B10) | C20: =MAX(C6,HSD!C10) | D20: =MAX(D6,HSD!D10) | E20: =MAX(E6,HSD!E10) | F20: =MAX(F6,HSD!F10) | G20: =MAX(G6,HSD!G10) | H20: =MAX(H6,HSD!H10) | I20: =MAX(I6,HSD!I10) | ... K20: =MAX(K6,HSD!K10)
A21: 7 | B21: =MAX(B7,HSD!B12) | C21: =MAX(C7,HSD!C12) | D21: =MAX(D7,HSD!D12) | E21: =MAX(E7,HSD!E12) | F21: =MAX(F7,HSD!F12) | G21: =MAX(G7,HSD!G12) | H21: =MAX(H7,HSD!H12) | I21: =MAX(I7,HSD!I12) | ... K21: =MAX(K7,HSD!K12)
A22: 8 | B22: =MAX(B8,HSD!B14) | C22: =MAX(C8,HSD!C14) | D22: =MAX(D8,HSD!D14) | E22: =MAX(E8,HSD!E14) | F22: =MAX(F8,HSD!F14) | G22: =MAX(G8,HSD!G14) | H22: =MAX(H8,HSD!H14) | I22: =MAX(I8,HSD!I14) | ... K22: =MAX(K8,HSD!K14)
A23: 9 | B23: =MAX(B9,HSD!B16) | C23: =MAX(C9,HSD!C16) | D23: =MAX(D9,HSD!D16) | E23: =MAX(E9,HSD!E16) | F23: =MAX(F9,HSD!F16) | G23: =MAX(G9,HSD!G16) | H23: =MAX(H9,HSD!H16) | I23: =MAX(I9,HSD!I16) | ... K23: =MAX(K9,HSD!K16)
A24: 10 | B24: =MAX(B10,HSD!B18) | C24: =MAX(C10,HSD!C18) | D24: =MAX(D10,HSD!D18) | E24: =MAX(E10,HSD!E18) | F24: =MAX(F10,HSD!F18) | G24: =MAX(G10,HSD!G18) | H24: =MAX(H10,HSD!H18) | I24: =MAX(I10,HSD!I18) | ... K24: =MAX(K10,HSD!K18)
A25: Ace | B25: =MAX(B11,HSD!B32) | C25: =MAX(C11,HSD!C32) | D25: =MAX(D11,HSD!D32) | E25: =MAX(E11,HSD!E32) | F25: =MAX(F11,HSD!F32) | G25: =MAX(G11,HSD!G32) | H25: =MAX(H11,HSD!H32) | I25: =MAX(I11,HSD!I32) | ... K25: =MAX(K11,HSD!K32)
A27: Strategy
A29: Pair | B29: 2 | C29: 3 | D29: 4 | E29: 5 | F29: 6 | G29: 7 | H29: 8 | I29: 9 | J29: 10 | K29: Ace
A30: 2 | B30: =IF(B16=B2,"Y","N") | C30: =IF(C16=C2,"Y","N") | D30: =IF(D16=D2,"Y","N") | E30: =IF(E16=E2,"Y","N") | F30: =IF(F16=F2,"Y","N") | G30: =IF(G16=G2,"Y","N") | H30: =IF(H16=H2,"Y","N") | I30: =IF(I16=I2,"Y","N") | ... K30: =IF(K16=K2,"Y","N")
A31: 3 | B31: =IF(B17=B3,"Y","N") | C31: =IF(C17=C3,"Y","N") | D31: =IF(D17=D3,"Y","N") | E31: =IF(E17=E3,"Y","N") | F31: =IF(F17=F3,"Y","N") | G31: =IF(G17=G3,"Y","N") | H31: =IF(H17=H3,"Y","N") | I31: =IF(I17=I3,"Y","N") | ... K31: =IF(K17=K3,"Y","N")
A32: 4 | B32: =IF(B18=B4,"Y","N") | C32: =IF(C18=C4,"Y","N") | D32: =IF(D18=D4,"Y","N") | E32: =IF(E18=E4,"Y","N") | F32: =IF(F18=F4,"Y","N") | G32: =IF(G18=G4,"Y","N") | H32: =IF(H18=H4,"Y","N") | I32: =IF(I18=I4,"Y","N") | ... K32: =IF(K18=K4,"Y","N")
A33: 5 | B33: =IF(B19=B5,"Y","N") | C33: =IF(C19=C5,"Y","N") | D33: =IF(D19=D5,"Y","N") | E33: =IF(E19=E5,"Y","N") | F33: =IF(F19=F5,"Y","N") | G33: =IF(G19=G5,"Y","N") | H33: =IF(H19=H5,"Y","N") | I33: =IF(I19=I5,"Y","N") | ... K33: =IF(K19=K5,"Y","N")
A34: 6 | B34: =IF(B20=B6,"Y","N") | C34: =IF(C20=C6,"Y","N") | D34: =IF(D20=D6,"Y","N") | E34: =IF(E20=E6,"Y","N") | F34: =IF(F20=F6,"Y","N") | G34: =IF(G20=G6,"Y","N") | H34: =IF(H20=H6,"Y","N") | I34: =IF(I20=I6,"Y","N") | ... K34: =IF(K20=K6,"Y","N")
A35: 7 | B35: =IF(B21=B7,"Y","N") | C35: =IF(C21=C7,"Y","N") | D35: =IF(D21=D7,"Y","N") | E35: =IF(E21=E7,"Y","N") | F35: =IF(F21=F7,"Y","N") | G35: =IF(G21=G7,"Y","N") | H35: =IF(H21=H7,"Y","N") | I35: =IF(I21=I7,"Y","N") | ... K35: =IF(K21=K7,"Y","N")
A36: 8 | B36: =IF(B22=B8,"Y","N") | C36: =IF(C22=C8,"Y","N") | D36: =IF(D22=D8,"Y","N") | E36: =IF(E22=E8,"Y","N") | F36: =IF(F22=F8,"Y","N") | G36: =IF(G22=G8,"Y","N") | H36: =IF(H22=H8,"Y","N") | I36: =IF(I22=I8,"Y","N") | ... K36: =IF(K22=K8,"Y","N")
A37: 9 | B37: =IF(B23=B9,"Y","N") | C37: =IF(C23=C9,"Y","N") | D37: =IF(D23=D9,"Y","N") | E37: =IF(E23=E9,"Y","N") | F37: =IF(F23=F9,"Y","N") | G37: =IF(G23=G9,"Y","N") | H37: =IF(H23=H9,"Y","N") | I37: =IF(I23=I9,"Y","N") | ... K37: =IF(K23=K9,"Y","N")
A38: 10 | B38: =IF(B24=B10,"Y","N") | C38: =IF(C24=C10,"Y","N") | D38: =IF(D24=D10,"Y","N") | E38: =IF(E24=E10,"Y","N") | F38: =IF(F24=F10,"Y","N") | G38: =IF(G24=G10,"Y","N") | H38: =IF(H24=H10,"Y","N") | I38: =IF(I24=I10,"Y","N") | ... K38: =IF(K24=K10,"Y","N")
A39: Ace | B39: =IF(B25=B11,"Y","N") | C39: =IF(C25=C11,"Y","N") | D39: =IF(D25=D11,"Y","N") | E39: =IF(E25=E11,"Y","N") | F39: =IF(F25=F11,"Y","N") | G39: =IF(G25=G11,"Y","N") | H39: =IF(H25=H11,"Y","N") | I39: =IF(I25=I11,"Y","N") | ... K39: =IF(K25=K11,"Y","N")

Sheet Probability
A1: House Edge | B1: https://www.youtube.com/watch?v=wJsGnXgrGvg
B2: 2 | C2: 3 | D2: 4 | E2: 5 | F2: 6 | G2: 7 | H2: 8 | I2: 9 | J2: 10 | K2: Ace
A3: Hard
A4: 5 | B4: =$B69*(1/13) | C4: =$B69*(1/13) | D4: =$B69*(1/13) | E4: =$B69*(1/13) | F4: =$B69*(1/13) | G4: =$B69*(1/13) | H4: =$B69*(1/13) | I4: =$B69*(1/13) | J4: =$B69*(4/13)*(12/13) | K4: =$B69*(1/13)*(9/13)
A5: 6 | B5: =$B70*(1/13) | C5: =$B70*(1/13) | D5: =$B70*(1/13) | E5: =$B70*(1/13) | F5: =$B70*(1/13) | G5: =$B70*(1/13) | H5: =$B70*(1/13) | I5: =$B70*(1/13) | J5: =$B70*(4/13)*(12/13) | K5: =$B70*(1/13)*(9/13)
A6: 7 | B6: =$B71*(1/13) | C6: =$B71*(1/13) | D6: =$B71*(1/13) | E6: =$B71*(1/13) | F6: =$B71*(1/13) | G6: =$B71*(1/13) | H6: =$B71*(1/13) | I6: =$B71*(1/13) | J6: =$B71*(4/13)*(12/13) | K6: =$B71*(1/13)*(9/13)
A7: 8 | B7: =$B72*(1/13) | C7: =$B72*(1/13) | D7: =$B72*(1/13) | E7: =$B72*(1/13) | F7: =$B72*(1/13) | G7: =$B72*(1/13) | H7: =$B72*(1/13) | I7: =$B72*(1/13) | J7: =$B72*(4/13)*(12/13) | K7: =$B72*(1/13)*(9/13)
A8: 9 | B8: =$B73*(1/13) | C8: =$B73*(1/13) | D8: =$B73*(1/13) | E8: =$B73*(1/13) | F8: =$B73*(1/13) | G8: =$B73*(1/13) | H8: =$B73*(1/13) | I8: =$B73*(1/13) | J8: =$B73*(4/13)*(12/13) | K8: =$B73*(1/13)*(9/13)
A9: 10 | B9: =$B74*(1/13) | C9: =$B74*(1/13) | D9: =$B74*(1/13) | E9: =$B74*(1/13) | F9: =$B74*(1/13) | G9: =$B74*(1/13) | H9: =$B74*(1/13) | I9: =$B74*(1/13) | J9: =$B74*(4/13)*(12/13) | K9: =$B74*(1/13)*(9/13)
A10: 11 | B10: =$B75*(1/13) | C10: =$B75*(1/13) | D10: =$B75*(1/13) | E10: =$B75*(1/13) | F10: =$B75*(1/13) | G10: =$B75*(1/13) | H10: =$B75*(1/13) | I10: =$B75*(1/13) | J10: =$B75*(4/13)*(12/13) | K10: =$B75*(1/13)*(9/13)
A11: 12 | B11: =$B76*(1/13) | C11: =$B76*(1/13) | D11: =$B76*(1/13) | E11: =$B76*(1/13) | F11: =$B76*(1/13) | G11: =$B76*(1/13) | H11: =$B76*(1/13) | I11: =$B76*(1/13) | J11: =$B76*(4/13)*(12/13) | K11: =$B76*(1/13)*(9/13)
A12: 13 | B12: =$B77*(1/13) | C12: =$B77*(1/13) | D12: =$B77*(1/13) | E12: =$B77*(1/13) | F12: =$B77*(1/13) | G12: =$B77*(1/13) | H12: =$B77*(1/13) | I12: =$B77*(1/13) | J12: =$B77*(4/13)*(12/13) | K12: =$B77*(1/13)*(9/13)
A13: 14 | B13: =$B78*(1/13) | C13: =$B78*(1/13) | D13: =$B78*(1/13) | E13: =$B78*(1/13) | F13: =$B78*(1/13) | G13: =$B78*(1/13) | H13: =$B78*(1/13) | I13: =$B78*(1/13) | J13: =$B78*(4/13)*(12/13) | K13: =$B78*(1/13)*(9/13)
A14: 15 | B14: =$B79*(1/13) | C14: =$B79*(1/13) | D14: =$B79*(1/13) | E14: =$B79*(1/13) | F14: =$B79*(1/13) | G14: =$B79*(1/13) | H14: =$B79*(1/13) | I14: =$B79*(1/13) | J14: =$B79*(4/13)*(12/13) | K14: =$B79*(1/13)*(9/13)
A15: 16 | B15: =$B80*(1/13) | C15: =$B80*(1/13) | D15: =$B80*(1/13) | E15: =$B80*(1/13) | F15: =$B80*(1/13) | G15: =$B80*(1/13) | H15: =$B80*(1/13) | I15: =$B80*(1/13) | J15: =$B80*(4/13)*(12/13) | K15: =$B80*(1/13)*(9/13)
... A17: 18 | B17: =$B82*(1/13) | C17: =$B82*(1/13) | D17: =$B82*(1/13) | E17: =$B82*(1/13) | F17: =$B82*(1/13) | G17: =$B82*(1/13) | H17: =$B82*(1/13) | I17: =$B82*(1/13) | J17: =$B82*(4/13)*(12/13) | K17: =$B82*(1/13)*(9/13)
A18: 19 | B18: =$B83*(1/13) | C18: =$B83*(1/13) | D18: =$B83*(1/13) | E18: =$B83*(1/13) | F18: =$B83*(1/13) | G18: =$B83*(1/13) | H18: =$B83*(1/13) | I18: =$B83*(1/13) | J18: =$B83*(4/13)*(12/13) | K18: =$B83*(1/13)*(9/13) | M18: Hard Total % | N18: =SUM(B4:K18)
A19: Soft
A20: 13 | B20: =2*(1/13)^3 | C20: =2*(1/13)^3 | D20: =2*(1/13)^3 | E20: =2*(1/13)^3 | F20: =2*(1/13)^3 | G20: =2*(1/13)^3 | H20: =2*(1/13)^3 | I20: =2*(1/13)^3 | J20: =2*(1/13)^2*(4/13)*(12/13) | K20: =2*(1/13)^3*(9/13)
A21: 14 | B21: =2*(1/13)^3 | C21: =2*(1/13)^3 | D21: =2*(1/13)^3 | E21: =2*(1/13)^3 | F21: =2*(1/13)^3 | G21: =2*(1/13)^3 | H21: =2*(1/13)^3 | I21: =2*(1/13)^3 | J21: =2*(1/13)^2*(4/13)*(12/13) | K21: =2*(1/13)^3*(9/13)
A22: 15 | B22: =2*(1/13)^3 | C22: =2*(1/13)^3 | D22: =2*(1/13)^3 | E22: =2*(1/13)^3 | F22: =2*(1/13)^3 | G22: =2*(1/13)^3 | H22: =2*(1/13)^3 | I22: =2*(1/13)^3 | J22: =2*(1/13)^2*(4/13)*(12/13) | K22: =2*(1/13)^3*(9/13)
A23: 16 | B23: =2*(1/13)^3 | C23: =2*(1/13)^3 | D23: =2*(1/13)^3 | E23: =2*(1/13)^3 | F23: =2*(1/13)^3 | G23: =2*(1/13)^3 | H23: =2*(1/13)^3 | I23: =2*(1/13)^3 | J23: =2*(1/13)^2*(4/13)*(12/13) | K23: =2*(1/13)^3*(9/13)
A24: 17 | B24: =2*(1/13)^3 | C24: =2*(1/13)^3 | D24: =2*(1/13)^3 | E24: =2*(1/13)^3 | F24: =2*(1/13)^3 | G24: =2*(1/13)^3 | H24: =2*(1/13)^3 | I24: =2*(1/13)^3 | J24: =2*(1/13)^2*(4/13)*(12/13) | K24: =2*(1/13)^3*(9/13)
A25: 18 | B25: =2*(1/13)^3 | C25: =2*(1/13)^3 | D25: =2*(1/13)^3 | E25: =2*(1/13)^3 | F25: =2*(1/13)^3 | G25: =2*(1/13)^3 | H25: =2*(1/13)^3 | I25: =2*(1/13)^3 | J25: =2*(1/13)^2*(4/13)*(12/13) | K25: =2*(1/13)^3*(9/13)
A26: 19 | B26: =2*(1/13)^3 | C26: =2*(1/13)^3 | D26: =2*(1/13)^3 | E26: =2*(1/13)^3 | F26: =2*(1/13)^3 | G26: =2*(1/13)^3 | H26: =2*(1/13)^3 | I26: =2*(1/13)^3 | J26: =2*(1/13)^2*(4/13)*(12/13) | K26: =2*(1/13)^3*(9/13)
A27: 20 | B27: =2*(1/13)^3 | C27: =2*(1/13)^3 | D27: =2*(1/13)^3 | E27: =2*(1/13)^3 | F27: =2*(1/13)^3 | G27: =2*(1/13)^3 | H27: =2*(1/13)^3 | I27: =2*(1/13)^3 | J27: =2*(1/13)^2*(4/13)*(12/13) | K27: =2*(1/13)^3*(9/13)
A28: 21 | B28: =2*(1/13)^2*(4/13) | C28: =2*(1/13)^2*(4/13) | D28: =2*(1/13)^2*(4/13) | E28: =2*(1/13)^2*(4/13) | F28: =2*(1/13)^2*(4/13) | G28: =2*(1/13)^2*(4/13) | H28: =2*(1/13)^2*(4/13) | I28: =2*(1/13)^2*(4/13) | J28: =2*(1/13)*(4/13)*(4/13)*(12/13) | K28: =2*(1/13)*(4/13)*(1/13)*(9/13) | M28: Soft Total % | N28: =SUM(B20:K28)
A29: Pairs
A30: 2 | B30: =(1/13)^3 | C30: =(1/13)^3 | D30: =(1/13)^3 | E30: =(1/13)^3 | F30: =(1/13)^3 | G30: =(1/13)^3 | H30: =(1/13)^3 | I30: =(1/13)^3 | J30: =(1/13)^2*(4/13)*(12/13) | K30: =(1/13)^3*(9/13)
A31: 3 | B31: =(1/13)^3 | C31: =(1/13)^3 | D31: =(1/13)^3 | E31: =(1/13)^3 | F31: =(1/13)^3 | G31: =(1/13)^3 | H31: =(1/13)^3 | I31: =(1/13)^3 | J31: =(1/13)^2*(4/13)*(12/13) | K31: =(1/13)^3*(9/13)
A32: 4 | B32: =(1/13)^3 | C32: =(1/13)^3 | D32: =(1/13)^3 | E32: =(1/13)^3 | F32: =(1/13)^3 | G32: =(1/13)^3 | H32: =(1/13)^3 | I32: =(1/13)^3 | J32: =(1/13)^2*(4/13)*(12/13) | K32: =(1/13)^3*(9/13)
A33: 5 | B33: =(1/13)^3 | C33: =(1/13)^3 | D33: =(1/13)^3 | E33: =(1/13)^3 | F33: =(1/13)^3 | G33: =(1/13)^3 | H33: =(1/13)^3 | I33: =(1/13)^3 | J33: =(1/13)^2*(4/13)*(12/13) | K33: =(1/13)^3*(9/13)
A34: 6 | B34: =(1/13)^3 | C34: =(1/13)^3 | D34: =(1/13)^3 | E34: =(1/13)^3 | F34: =(1/13)^3 | G34: =(1/13)^3 | H34: =(1/13)^3 | I34: =(1/13)^3 | J34: =(1/13)^2*(4/13)*(12/13) | K34: =(1/13)^3*(9/13)
A35: 7 | B35: =(1/13)^3 | C35: =(1/13)^3 | D35: =(1/13)^3 | E35: =(1/13)^3 | F35: =(1/13)^3 | G35: =(1/13)^3 | H35: =(1/13)^3 | I35: =(1/13)^3 | J35: =(1/13)^2*(4/13)*(12/13) | K35: =(1/13)^3*(9/13)
A36: 8 | B36: =(1/13)^3 | C36: =(1/13)^3 | D36: =(1/13)^3 | E36: =(1/13)^3 | F36: =(1/13)^3 | G36: =(1/13)^3 | H36: =(1/13)^3 | I36: =(1/13)^3 | J36: =(1/13)^2*(4/13)*(12/13) | K36: =(1/13)^3*(9/13)
A37: 9 | B37: =(1/13)^3 | C37: =(1/13)^3 | D37: =(1/13)^3 | E37: =(1/13)^3 | F37: =(1/13)^3 | G37: =(1/13)^3 | H37: =(1/13)^3 | I37: =(1/13)^3 | J37: =(1/13)^2*(4/13)*(12/13) | K37: =(1/13)^3*(9/13)
A38: 10 | B38: =(4/13)^2*(1/13) | C38: =(4/13)^2*(1/13) | D38: =(4/13)^2*(1/13) | E38: =(4/13)^2*(1/13) | F38: =(4/13)^2*(1/13) | G38: =(4/13)^2*(1/13) | H38: =(4/13)^2*(1/13) | I38: =(4/13)^2*(1/13) | J38: =(4/13)^3*(12/13) | K38: =(4/13)^2*(1/13)*(9/13)
A39: Ace | B39: =(1/13)^3 | C39: =(1/13)^3 | D39: =(1/13)^3 | E39: =(1/13)^3 | F39: =(1/13)^3 | G39: =(1/13)^3 | H39: =(1/13)^3 | I39: =(1/13)^3 | J39: =(1/13)^2*(4/13)*(12/13) | K39: =(1/13)^3*(9/13) | M39: Pair % | N39: =SUM(B30:K39)
M40: Dealer Blackjack | N40: =2*(4/13)*(1/13)
B41: Card 2 | M41: All Total | N41: =N18+N28+N39+N40
A42: Card 1 | B42: 2 | C42: 3 | D42: 4 | E42: 5 | F42: 6 | G42: 7 | H42: 8 | I42: 9 | J42: 10 | K42: Ace
A43: 2 | C43: =$A43+C$42 | D43: =$A43+D$42 | E43: =$A43+E$42 | F43: =$A43+F$42 | G43: =$A43+G$42 | H43: =$A43+H$42 | I43: =$A43+I$42 | J43: =$A43+J$42
A44: 3 | B44: =$A44+B$42 | D44: =$A44+D$42 | E44: =$A44+E$42 | F44: =$A44+F$42 | G44: =$A44+G$42 | H44: =$A44+H$42 | I44: =$A44+I$42 | J44: =$A44+J$42
A45: 4 | B45: =$A45+B$42 | C45: =$A45+C$42 | E45: =$A45+E$42 | F45: =$A45+F$42 | G45: =$A45+G$42 | H45: =$A45+H$42 | I45: =$A45+I$42 | J45: =$A45+J$42
A46: 5 | B46: =$A46+B$42 | C46: =$A46+C$42 | D46: =$A46+D$42 | F46: =$A46+F$42 | G46: =$A46+G$42 | H46: =$A46+H$42 | I46: =$A46+I$42 | J46: =$A46+J$42
A47: 6 | B47: =$A47+B$42 | C47: =$A47+C$42 | D47: =$A47+D$42 | E47: =$A47+E$42 | G47: =$A47+G$42 | H47: =$A47+H$42 | I47: =$A47+I$42 | J47: =$A47+J$42
A48: 7 | B48: =$A48+B$42 | C48: =$A48+C$42 | D48: =$A48+D$42 | E48: =$A48+E$42 | F48: =$A48+F$42 | H48: =$A48+H$42 | I48: =$A48+I$42 | J48: =$A48+J$42
A49: 8 | B49: =$A49+B$42 | C49: =$A49+C$42 | D49: =$A49+D$42 | E49: =$A49+E$42 | F49: =$A49+F$42 | G49: =$A49+G$42 | I49: =$A49+I$42 | J49: =$A49+J$42
A50: 9 | B50: =$A50+B$42 | C50: =$A50+C$42 | D50: =$A50+D$42 | E50: =$A50+E$42 | F50: =$A50+F$42 | G50: =$A50+G$42 | H50: =$A50+H$42 | J50: =$A50+J$42
A51: 10 | B51: =$A51+B$42 | C51: =$A51+C$42 | D51: =$A51+D$42 | E51: =$A51+E$42 | F51: =$A51+F$42 | G51: =$A51+G$42 | H51: =$A51+H$42 | I51: =$A51+I$42
A52: Ace
A54: Probability of each Total
B55: Card 2
A56: Card 1 | B56: 2 | C56: 3 | D56: 4 | E56: 5 | F56: 6 | G56: 7 | H56: 8 | I56: 9 | J56: 10 | K56: Ace
A57: 2 | B57: =1/13^2 | C57: =1/13^2 | D57: =1/13^2 | E57: =1/13^2 | F57: =1/13^2 | G57: =1/13^2 | H57: =1/13^2 | I57: =1/13^2 | J57: =(1/13)*(4/13)
A58: 3 | B58: =1/13^2 | C58: =1/13^2 | D58: =1/13^2 | E58: =1/13^2 | F58: =1/13^2 | G58: =1/13^2 | H58: =1/13^2 | I58: =1/13^2 | J58: =(1/13)*(4/13)
A59: 4 | B59: =1/13^2 | C59: =1/13^2 | D59: =1/13^2 | E59: =1/13^2 | F59: =1/13^2 | G59: =1/13^2 | H59: =1/13^2 | I59: =1/13^2 | J59: =(1/13)*(4/13)
A60: 5 | B60: =1/13^2 | C60: =1/13^2 | D60: =1/13^2 | E60: =1/13^2 | F60: =1/13^2 | G60: =1/13^2 | H60: =1/13^2 | I60: =1/13^2 | J60: =(1/13)*(4/13)
A61: 6 | B61: =1/13^2 | C61: =1/13^2 | D61: =1/13^2 | E61: =1/13^2 | F61: =1/13^2 | G61: =1/13^2 | H61: =1/13^2 | I61: =1/13^2 | J61: =(1/13)*(4/13)
A62: 7 | B62: =1/13^2 | C62: =1/13^2 | D62: =1/13^2 | E62: =1/13^2 | F62: =1/13^2 | G62: =1/13^2 | H62: =1/13^2 | I62: =1/13^2 | J62: =(1/13)*(4/13)
A63: 8 | B63: =1/13^2 | C63: =1/13^2 | D63: =1/13^2 | E63: =1/13^2 | F63: =1/13^2 | G63: =1/13^2 | H63: =1/13^2 | I63: =1/13^2 | J63: =(1/13)*(4/13)
A64: 9 | B64: =1/13^2 | C64: =1/13^2 | D64: =1/13^2 | E64: =1/13^2 | F64: =1/13^2 | G64: =1/13^2 | H64: =1/13^2 | I64: =1/13^2 | J64: =(1/13)*(4/13)
A65: 10 | B65: =(1/13)*(4/13) | C65: =(1/13)*(4/13) | D65: =(1/13)*(4/13) | E65: =(1/13)*(4/13) | F65: =(1/13)*(4/13) | G65: =(1/13)*(4/13) | H65: =(1/13)*(4/13) | I65: =(1/13)*(4/13) | J65: =(1/13)*(4/13)
A66: Ace
A68: Hard | B68: Probablility
A69: 5 | B69: =SUMIF($B$43:$J$51,A69,$B$57:$J$65)
A70: 6 | B70: =SUMIF($B$43:$J$51,A70,$B$57:$J$65)
A71: 7 | B71: =SUMIF($B$43:$J$51,A71,$B$57:$J$65)
A72: 8 | B72: =SUMIF($B$43:$J$51,A72,$B$57:$J$65)
A73: 9 | B73: =SUMIF($B$43:$J$51,A73,$B$57:$J$65)
A74: 10 | B74: =SUMIF($B$43:$J$51,A74,$B$57:$J$65)
A75: 11 | B75: =SUMIF($B$43:$J$51,A75,$B$57:$J$65)
A76: 12 | B76: =SUMIF($B$43:$J$51,A76,$B$57:$J$65)
A77: 13 | B77: =SUMIF($B$43:$J$51,A77,$B$57:$J$65)
A78: 14 | B78: =SUMIF($B$43:$J$51,A78,$B$57:$J$65)
A79: 15 | B79: =SUMIF($B$43:$J$51,A79,$B$57:$J$65)
A80: 16 | B80: =SUMIF($B$43:$J$51,A80,$B$57:$J$65)
... A83: 19 | B83: =SUMIF($B$43:$J$51,A83,$B$57:$J$65)

Sheet Expected Return
A1: House Edge | B1: https://www.youtube.com/watch?v=wJsGnXgrGvg
B2: 2 | C2: 3 | D2: 4 | E2: 5 | F2: 6 | G2: 7 | H2: 8 | I2: 9 | J2: 10 | K2: Ace
A3: Hard
A4: 5 | B4: =HSD!B3 | C4: =HSD!C3 | D4: =HSD!D3 | E4: =HSD!E3 | F4: =HSD!F3 | G4: =HSD!G3 | H4: =HSD!H3 | I4: =HSD!I3 | ... K4: =HSD!K3
A5: 6 | B5: =HSD!B4 | C5: =HSD!C4 | D5: =HSD!D4 | E5: =HSD!E4 | F5: =HSD!F4 | G5: =HSD!G4 | H5: =HSD!H4 | I5: =HSD!I4 | ... K5: =HSD!K4
A6: 7 | B6: =HSD!B5 | C6: =HSD!C5 | D6: =HSD!D5 | E6: =HSD!E5 | F6: =HSD!F5 | G6: =HSD!G5 | H6: =HSD!H5 | I6: =HSD!I5 | ... K6: =HSD!K5
A7: 8 | B7: =HSD!B6 | C7: =HSD!C6 | D7: =HSD!D6 | E7: =HSD!E6 | F7: =HSD!F6 | G7: =HSD!G6 | H7: =HSD!H6 | I7: =HSD!I6 | ... K7: =HSD!K6
A8: 9 | B8: =HSD!B7 | C8: =HSD!C7 | D8: =HSD!D7 | E8: =HSD!E7 | F8: =HSD!F7 | G8: =HSD!G7 | H8: =HSD!H7 | I8: =HSD!I7 | ... K8: =HSD!K7
A9: 10 | B9: =HSD!B8 | C9: =HSD!C8 | D9: =HSD!D8 | E9: =HSD!E8 | F9: =HSD!F8 | G9: =HSD!G8 | H9: =HSD!H8 | I9: =HSD!I8 | ... K9: =HSD!K8
A10: 11 | B10: =HSD!B9 | C10: =HSD!C9 | D10: =HSD!D9 | E10: =HSD!E9 | F10: =HSD!F9 | G10: =HSD!G9 | H10: =HSD!H9 | I10: =HSD!I9 | ... K10: =HSD!K9
A11: 12 | B11: =HSD!B10 | C11: =HSD!C10 | D11: =HSD!D10 | E11: =HSD!E10 | F11: =HSD!F10 | G11: =HSD!G10 | H11: =HSD!H10 | I11: =HSD!I10 | ... K11: =HSD!K10
A12: 13 | B12: =HSD!B11 | C12: =HSD!C11 | D12: =HSD!D11 | E12: =HSD!E11 | F12: =HSD!F11 | G12: =HSD!G11 | H12: =HSD!H11 | I12: =HSD!I11 | ... K12: =HSD!K11
A13: 14 | B13: =HSD!B12 | C13: =HSD!C12 | D13: =HSD!D12 | E13: =HSD!E12 | F13: =HSD!F12 | G13: =HSD!G12 | H13: =HSD!H12 | I13: =HSD!I12 | ... K13: =HSD!K12
A14: 15 | B14: =HSD!B13 | C14: =HSD!C13 | D14: =HSD!D13 | E14: =HSD!E13 | F14: =HSD!F13 | G14: =HSD!G13 | H14: =HSD!H13 | I14: =HSD!I13 | ... K14: =HSD!K13
A15: 16 | B15: =HSD!B14 | C15: =HSD!C14 | D15: =HSD!D14 | E15: =HSD!E14 | F15: =HSD!F14 | G15: =HSD!G14 | H15: =HSD!H14 | I15: =HSD!I14 | ... K15: =HSD!K14
... A18: 19 | B18: =HSD!B17 | C18: =HSD!C17 | D18: =HSD!D17 | E18: =HSD!E17 | F18: =HSD!F17 | G18: =HSD!G17 | H18: =HSD!H17 | I18: =HSD!I17 | ... K18: =HSD!K17
A19: Soft
A20: 13 | B20: =HSDR!B33 | C20: =HSDR!C33 | D20: =HSDR!D33 | E20: =HSDR!E33 | F20: =HSDR!F33 | G20: =HSDR!G33 | H20: =HSDR!H33 | I20: =HSDR!I33 | ... K20: =HSDR!K33
A21: 14 | B21: =HSDR!B34 | C21: =HSDR!C34 | D21: =HSDR!D34 | E21: =HSDR!E34 | F21: =HSDR!F34 | G21: =HSDR!G34 | H21: =HSDR!H34 | I21: =HSDR!I34 | ... K21: =HSDR!K34
A22: 15 | B22: =HSDR!B35 | C22: =HSDR!C35 | D22: =HSDR!D35 | E22: =HSDR!E35 | F22: =HSDR!F35 | G22: =HSDR!G35 | H22: =HSDR!H35 | I22: =HSDR!I35 | ... K22: =HSDR!K35
A23: 16 | B23: =HSDR!B36 | C23: =HSDR!C36 | D23: =HSDR!D36 | E23: =HSDR!E36 | F23: =HSDR!F36 | G23: =HSDR!G36 | H23: =HSDR!H36 | I23: =HSDR!I36 | ... K23: =HSDR!K36
A24: 17 | B24: =HSDR!B37 | C24: =HSDR!C37 | D24: =HSDR!D37 | E24: =HSDR!E37 | F24: =HSDR!F37 | G24: =HSDR!G37 | H24: =HSDR!H37 | I24: =HSDR!I37 | ... K24: =HSDR!K37
A25: 18 | B25: =HSDR!B38 | C25: =HSDR!C38 | D25: =HSDR!D38 | E25: =HSDR!E38 | F25: =HSDR!F38 | G25: =HSDR!G38 | H25: =HSDR!H38 | I25: =HSDR!I38 | ... K25: =HSDR!K38
A26: 19 | B26: =HSDR!B39 | C26: =HSDR!C39 | D26: =HSDR!D39 | E26: =HSDR!E39 | F26: =HSDR!F39 | G26: =HSDR!G39 | H26: =HSDR!H39 | I26: =HSDR!I39 | ... K26: =HSDR!K39
A27: 20 | B27: =HSDR!B40 | C27: =HSDR!C40 | D27: =HSDR!D40 | E27: =HSDR!E40 | F27: =HSDR!F40 | G27: =HSDR!G40 | H27: =HSDR!H40 | I27: =HSDR!I40 | ... K27: =HSDR!K40
A28: 21 | B28: 1.5 | C28: 1.5 | D28: 1.5 | E28: 1.5 | F28: 1.5 | G28: 1.5 | H28: 1.5 | I28: 1.5 | J28: 1.5 | K28: 1.5
A29: Pairs
A30: 2 | B30: =Split!B16 | C30: =Split!C16 | D30: =Split!D16 | E30: =Split!E16 | F30: =Split!F16 | G30: =Split!G16 | H30: =Split!H16 | I30: =Split!I16 | ... K30: =Split!K16
A31: 3 | B31: =Split!B17 | C31: =Split!C17 | D31: =Split!D17 | E31: =Split!E17 | F31: =Split!F17 | G31: =Split!G17 | H31: =Split!H17 | I31: =Split!I17 | ... K31: =Split!K17
A32: 4 | B32: =Split!B18 | C32: =Split!C18 | D32: =Split!D18 | E32: =Split!E18 | F32: =Split!F18 | G32: =Split!G18 | H32: =Split!H18 | I32: =Split!I18 | ... K32: =Split!K18
A33: 5 | B33: =Split!B19 | C33: =Split!C19 | D33: =Split!D19 | E33: =Split!E19 | F33: =Split!F19 | G33: =Split!G19 | H33: =Split!H19 | I33: =Split!I19 | ... K33: =Split!K19
A34: 6 | B34: =Split!B20 | C34: =Split!C20 | D34: =Split!D20 | E34: =Split!E20 | F34: =Split!F20 | G34: =Split!G20 | H34: =Split!H20 | I34: =Split!I20 | ... K34: =Split!K20
A35: 7 | B35: =Split!B21 | C35: =Split!C21 | D35: =Split!D21 | E35: =Split!E21 | F35: =Split!F21 | G35: =Split!G21 | H35: =Split!H21 | I35: =Split!I21 | ... K35: =Split!K21
A36: 8 | B36: =Split!B22 | C36: =Split!C22 | D36: =Split!D22 | E36: =Split!E22 | F36: =Split!F22 | G36: =Split!G22 | H36: =Split!H22 | I36: =Split!I22 | ... K36: =Split!K22
A37: 9 | B37: =Split!B23 | C37: =Split!C23 | D37: =Split!D23 | E37: =Split!E23 | F37: =Split!F23 | G37: =Split!G23 | H37: =Split!H23 | I37: =Split!I23 | ... K37: =Split!K23
A38: 10 | B38: =Split!B24 | C38: =Split!C24 | D38: =Split!D24 | E38: =Split!E24 | F38: =Split!F24 | G38: =Split!G24 | H38: =Split!H24 | I38: =Split!I24 | ... K38: =Split!K24
A39: Ace | B39: =Split!B25 | C39: =Split!C25 | D39: =Split!D25 | E39: =Split!E25 | F39: =Split!F25 | G39: =Split!G25 | H39: =Split!H25 | I39: =Split!I25 | ... K39: =Split!K25

Sheet Expected Value
A1: House Edge | B1: https://www.youtube.com/watch?v=wJsGnXgrGvg
B2: 2 | C2: 3 | D2: 4 | E2: 5 | F2: 6 | G2: 7 | H2: 8 | I2: 9 | J2: 10 | K2: Ace
A3: Hard
A4: 5 | B4: =Probability!B4*'Expected Return'!B4 | C4: =Probability!C4*'Expected Return'!C4 | D4: =Probability!D4*'Expected Return'!D4 | E4: =Probability!E4*'Expected Return'!E4 | F4: =Probability!F4*'Expected Return'!F4 | G4: =Probability!G4*'Expected Return'!G4 | H4: =Probability!H4*'Expected Return'!H4 | I4: =Probability!I4*'Expected Return'!I4 | ... K4: =Probability!K4*'Expected Return'!K4
A5: 6 | B5: =Probability!B5*'Expected Return'!B5 | C5: =Probability!C5*'Expected Return'!C5 | D5: =Probability!D5*'Expected Return'!D5 | E5: =Probability!E5*'Expected Return'!E5 | F5: =Probability!F5*'Expected Return'!F5 | G5: =Probability!G5*'Expected Return'!G5 | H5: =Probability!H5*'Expected Return'!H5 | I5: =Probability!I5*'Expected Return'!I5 | ... K5: =Probability!K5*'Expected Return'!K5
A6: 7 | B6: =Probability!B6*'Expected Return'!B6 | C6: =Probability!C6*'Expected Return'!C6 | D6: =Probability!D6*'Expected Return'!D6 | E6: =Probability!E6*'Expected Return'!E6 | F6: =Probability!F6*'Expected Return'!F6 | G6: =Probability!G6*'Expected Return'!G6 | H6: =Probability!H6*'Expected Return'!H6 | I6: =Probability!I6*'Expected Return'!I6 | ... K6: =Probability!K6*'Expected Return'!K6
A7: 8 | B7: =Probability!B7*'Expected Return'!B7 | C7: =Probability!C7*'Expected Return'!C7 | D7: =Probability!D7*'Expected Return'!D7 | E7: =Probability!E7*'Expected Return'!E7 | F7: =Probability!F7*'Expected Return'!F7 | G7: =Probability!G7*'Expected Return'!G7 | H7: =Probability!H7*'Expected Return'!H7 | I7: =Probability!I7*'Expected Return'!I7 | ... K7: =Probability!K7*'Expected Return'!K7
A8: 9 | B8: =Probability!B8*'Expected Return'!B8 | C8: =Probability!C8*'Expected Return'!C8 | D8: =Probability!D8*'Expected Return'!D8 | E8: =Probability!E8*'Expected Return'!E8 | F8: =Probability!F8*'Expected Return'!F8 | G8: =Probability!G8*'Expected Return'!G8 | H8: =Probability!H8*'Expected Return'!H8 | I8: =Probability!I8*'Expected Return'!I8 | ... K8: =Probability!K8*'Expected Return'!K8
A9: 10 | B9: =Probability!B9*'Expected Return'!B9 | C9: =Probability!C9*'Expected Return'!C9 | D9: =Probability!D9*'Expected Return'!D9 | E9: =Probability!E9*'Expected Return'!E9 | F9: =Probability!F9*'Expected Return'!F9 | G9: =Probability!G9*'Expected Return'!G9 | H9: =Probability!H9*'Expected Return'!H9 | I9: =Probability!I9*'Expected Return'!I9 | ... K9: =Probability!K9*'Expected Return'!K9
A10: 11 | B10: =Probability!B10*'Expected Return'!B10 | C10: =Probability!C10*'Expected Return'!C10 | D10: =Probability!D10*'Expected Return'!D10 | E10: =Probability!E10*'Expected Return'!E10 | F10: =Probability!F10*'Expected Return'!F10 | G10: =Probability!G10*'Expected Return'!G10 | H10: =Probability!H10*'Expected Return'!H10 | I10: =Probability!I10*'Expected Return'!I10 | ... K10: =Probability!K10*'Expected Return'!K10
A11: 12 | B11: =Probability!B11*'Expected Return'!B11 | C11: =Probability!C11*'Expected Return'!C11 | D11: =Probability!D11*'Expected Return'!D11 | E11: =Probability!E11*'Expected Return'!E11 | F11: =Probability!F11*'Expected Return'!F11 | G11: =Probability!G11*'Expected Return'!G11 | H11: =Probability!H11*'Expected Return'!H11 | I11: =Probability!I11*'Expected Return'!I11 | ... K11: =Probability!K11*'Expected Return'!K11
A12: 13 | B12: =Probability!B12*'Expected Return'!B12 | C12: =Probability!C12*'Expected Return'!C12 | D12: =Probability!D12*'Expected Return'!D12 | E12: =Probability!E12*'Expected Return'!E12 | F12: =Probability!F12*'Expected Return'!F12 | G12: =Probability!G12*'Expected Return'!G12 | H12: =Probability!H12*'Expected Return'!H12 | I12: =Probability!I12*'Expected Return'!I12 | ... K12: =Probability!K12*'Expected Return'!K12
A13: 14 | B13: =Probability!B13*'Expected Return'!B13 | C13: =Probability!C13*'Expected Return'!C13 | D13: =Probability!D13*'Expected Return'!D13 | E13: =Probability!E13*'Expected Return'!E13 | F13: =Probability!F13*'Expected Return'!F13 | G13: =Probability!G13*'Expected Return'!G13 | H13: =Probability!H13*'Expected Return'!H13 | I13: =Probability!I13*'Expected Return'!I13 | ... K13: =Probability!K13*'Expected Return'!K13
A14: 15 | B14: =Probability!B14*'Expected Return'!B14 | C14: =Probability!C14*'Expected Return'!C14 | D14: =Probability!D14*'Expected Return'!D14 | E14: =Probability!E14*'Expected Return'!E14 | F14: =Probability!F14*'Expected Return'!F14 | G14: =Probability!G14*'Expected Return'!G14 | H14: =Probability!H14*'Expected Return'!H14 | I14: =Probability!I14*'Expected Return'!I14 | ... K14: =Probability!K14*'Expected Return'!K14
A15: 16 | B15: =Probability!B15*'Expected Return'!B15 | C15: =Probability!C15*'Expected Return'!C15 | D15: =Probability!D15*'Expected Return'!D15 | E15: =Probability!E15*'Expected Return'!E15 | F15: =Probability!F15*'Expected Return'!F15 | G15: =Probability!G15*'Expected Return'!G15 | H15: =Probability!H15*'Expected Return'!H15 | I15: =Probability!I15*'Expected Return'!I15 | ... K15: =Probability!K15*'Expected Return'!K15
... A18: 19 | B18: =Probability!B18*'Expected Return'!B18 | C18: =Probability!C18*'Expected Return'!C18 | D18: =Probability!D18*'Expected Return'!D18 | E18: =Probability!E18*'Expected Return'!E18 | F18: =Probability!F18*'Expected Return'!F18 | G18: =Probability!G18*'Expected Return'!G18 | H18: =Probability!H18*'Expected Return'!H18 | I18: =Probability!I18*'Expected Return'!I18 | ... K18: =Probability!K18*'Expected Return'!K18
A19: Soft
A20: 13 | B20: =Probability!B20*'Expected Return'!B20 | C20: =Probability!C20*'Expected Return'!C20 | D20: =Probability!D20*'Expected Return'!D20 | E20: =Probability!E20*'Expected Return'!E20 | F20: =Probability!F20*'Expected Return'!F20 | G20: =Probability!G20*'Expected Return'!G20 | H20: =Probability!H20*'Expected Return'!H20 | I20: =Probability!I20*'Expected Return'!I20 | ... K20: =Probability!K20*'Expected Return'!K20
A21: 14 | B21: =Probability!B21*'Expected Return'!B21 | C21: =Probability!C21*'Expected Return'!C21 | D21: =Probability!D21*'Expected Return'!D21 | E21: =Probability!E21*'Expected Return'!E21 | F21: =Probability!F21*'Expected Return'!F21 | G21: =Probability!G21*'Expected Return'!G21 | H21: =Probability!H21*'Expected Return'!H21 | I21: =Probability!I21*'Expected Return'!I21 | ... K21: =Probability!K21*'Expected Return'!K21
A22: 15 | B22: =Probability!B22*'Expected Return'!B22 | C22: =Probability!C22*'Expected Return'!C22 | D22: =Probability!D22*'Expected Return'!D22 | E22: =Probability!E22*'Expected Return'!E22 | F22: =Probability!F22*'Expected Return'!F22 | G22: =Probability!G22*'Expected Return'!G22 | H22: =Probability!H22*'Expected Return'!H22 | I22: =Probability!I22*'Expected Return'!I22 | ... K22: =Probability!K22*'Expected Return'!K22
A23: 16 | B23: =Probability!B23*'Expected Return'!B23 | C23: =Probability!C23*'Expected Return'!C23 | D23: =Probability!D23*'Expected Return'!D23 | E23: =Probability!E23*'Expected Return'!E23 | F23: =Probability!F23*'Expected Return'!F23 | G23: =Probability!G23*'Expected Return'!G23 | H23: =Probability!H23*'Expected Return'!H23 | I23: =Probability!I23*'Expected Return'!I23 | ... K23: =Probability!K23*'Expected Return'!K23
A24: 17 | B24: =Probability!B24*'Expected Return'!B24 | C24: =Probability!C24*'Expected Return'!C24 | D24: =Probability!D24*'Expected Return'!D24 | E24: =Probability!E24*'Expected Return'!E24 | F24: =Probability!F24*'Expected Return'!F24 | G24: =Probability!G24*'Expected Return'!G24 | H24: =Probability!H24*'Expected Return'!H24 | I24: =Probability!I24*'Expected Return'!I24 | ... K24: =Probability!K24*'Expected Return'!K24
A25: 18 | B25: =Probability!B25*'Expected Return'!B25 | C25: =Probability!C25*'Expected Return'!C25 | D25: =Probability!D25*'Expected Return'!D25 | E25: =Probability!E25*'Expected Return'!E25 | F25: =Probability!F25*'Expected Return'!F25 | G25: =Probability!G25*'Expected Return'!G25 | H25: =Probability!H25*'Expected Return'!H25 | I25: =Probability!I25*'Expected Return'!I25 | ... K25: =Probability!K25*'Expected Return'!K25
A26: 19 | B26: =Probability!B26*'Expected Return'!B26 | C26: =Probability!C26*'Expected Return'!C26 | D26: =Probability!D26*'Expected Return'!D26 | E26: =Probability!E26*'Expected Return'!E26 | F26: =Probability!F26*'Expected Return'!F26 | G26: =Probability!G26*'Expected Return'!G26 | H26: =Probability!H26*'Expected Return'!H26 | I26: =Probability!I26*'Expected Return'!I26 | ... K26: =Probability!K26*'Expected Return'!K26
A27: 20 | B27: =Probability!B27*'Expected Return'!B27 | C27: =Probability!C27*'Expected Return'!C27 | D27: =Probability!D27*'Expected Return'!D27 | E27: =Probability!E27*'Expected Return'!E27 | F27: =Probability!F27*'Expected Return'!F27 | G27: =Probability!G27*'Expected Return'!G27 | H27: =Probability!H27*'Expected Return'!H27 | I27: =Probability!I27*'Expected Return'!I27 | ... K27: =Probability!K27*'Expected Return'!K27
A28: 21 | B28: =Probability!B28*'Expected Return'!B28 | C28: =Probability!C28*'Expected Return'!C28 | D28: =Probability!D28*'Expected Return'!D28 | E28: =Probability!E28*'Expected Return'!E28 | F28: =Probability!F28*'Expected Return'!F28 | G28: =Probability!G28*'Expected Return'!G28 | H28: =Probability!H28*'Expected Return'!H28 | I28: =Probability!I28*'Expected Return'!I28 | ... K28: =Probability!K28*'Expected Return'!K28
A29: Pairs
A30: 2 | B30: =Probability!B30*'Expected Return'!B30 | C30: =Probability!C30*'Expected Return'!C30 | D30: =Probability!D30*'Expected Return'!D30 | E30: =Probability!E30*'Expected Return'!E30 | F30: =Probability!F30*'Expected Return'!F30 | G30: =Probability!G30*'Expected Return'!G30 | H30: =Probability!H30*'Expected Return'!H30 | I30: =Probability!I30*'Expected Return'!I30 | ... K30: =Probability!K30*'Expected Return'!K30
A31: 3 | B31: =Probability!B31*'Expected Return'!B31 | C31: =Probability!C31*'Expected Return'!C31 | D31: =Probability!D31*'Expected Return'!D31 | E31: =Probability!E31*'Expected Return'!E31 | F31: =Probability!F31*'Expected Return'!F31 | G31: =Probability!G31*'Expected Return'!G31 | H31: =Probability!H31*'Expected Return'!H31 | I31: =Probability!I31*'Expected Return'!I31 | ... K31: =Probability!K31*'Expected Return'!K31
A32: 4 | B32: =Probability!B32*'Expected Return'!B32 | C32: =Probability!C32*'Expected Return'!C32 | D32: =Probability!D32*'Expected Return'!D32 | E32: =Probability!E32*'Expected Return'!E32 | F32: =Probability!F32*'Expected Return'!F32 | G32: =Probability!G32*'Expected Return'!G32 | H32: =Probability!H32*'Expected Return'!H32 | I32: =Probability!I32*'Expected Return'!I32 | ... K32: =Probability!K32*'Expected Return'!K32
A33: 5 | B33: =Probability!B33*'Expected Return'!B33 | C33: =Probability!C33*'Expected Return'!C33 | D33: =Probability!D33*'Expected Return'!D33 | E33: =Probability!E33*'Expected Return'!E33 | F33: =Probability!F33*'Expected Return'!F33 | G33: =Probability!G33*'Expected Return'!G33 | H33: =Probability!H33*'Expected Return'!H33 | I33: =Probability!I33*'Expected Return'!I33 | ... K33: =Probability!K33*'Expected Return'!K33
A34: 6 | B34: =Probability!B34*'Expected Return'!B34 | C34: =Probability!C34*'Expected Return'!C34 | D34: =Probability!D34*'Expected Return'!D34 | E34: =Probability!E34*'Expected Return'!E34 | F34: =Probability!F34*'Expected Return'!F34 | G34: =Probability!G34*'Expected Return'!G34 | H34: =Probability!H34*'Expected Return'!H34 | I34: =Probability!I34*'Expected Return'!I34 | ... K34: =Probability!K34*'Expected Return'!K34
A35: 7 | B35: =Probability!B35*'Expected Return'!B35 | C35: =Probability!C35*'Expected Return'!C35 | D35: =Probability!D35*'Expected Return'!D35 | E35: =Probability!E35*'Expected Return'!E35 | F35: =Probability!F35*'Expected Return'!F35 | G35: =Probability!G35*'Expected Return'!G35 | H35: =Probability!H35*'Expected Return'!H35 | I35: =Probability!I35*'Expected Return'!I35 | ... K35: =Probability!K35*'Expected Return'!K35
A36: 8 | B36: =Probability!B36*'Expected Return'!B36 | C36: =Probability!C36*'Expected Return'!C36 | D36: =Probability!D36*'Expected Return'!D36 | E36: =Probability!E36*'Expected Return'!E36 | F36: =Probability!F36*'Expected Return'!F36 | G36: =Probability!G36*'Expected Return'!G36 | H36: =Probability!H36*'Expected Return'!H36 | I36: =Probability!I36*'Expected Return'!I36 | ... K36: =Probability!K36*'Expected Return'!K36
A37: 9 | B37: =Probability!B37*'Expected Return'!B37 | C37: =Probability!C37*'Expected Return'!C37 | D37: =Probability!D37*'Expected Return'!D37 | E37: =Probability!E37*'Expected Return'!E37 | F37: =Probability!F37*'Expected Return'!F37 | G37: =Probability!G37*'Expected Return'!G37 | H37: =Probability!H37*'Expected Return'!H37 | I37: =Probability!I37*'Expected Return'!I37 | ... K37: =Probability!K37*'Expected Return'!K37
A38: 10 | B38: =Probability!B38*'Expected Return'!B38 | C38: =Probability!C38*'Expected Return'!C38 | D38: =Probability!D38*'Expected Return'!D38 | E38: =Probability!E38*'Expected Return'!E38 | F38: =Probability!F38*'Expected Return'!F38 | G38: =Probability!G38*'Expected Return'!G38 | H38: =Probability!H38*'Expected Return'!H38 | I38: =Probability!I38*'Expected Return'!I38 | ... K38: =Probability!K38*'Expected Return'!K38
A39: Ace | B39: =Probability!B39*'Expected Return'!B39 | C39: =Probability!C39*'Expected Return'!C39 | D39: =Probability!D39*'Expected Return'!D39 | E39: =Probability!E39*'Expected Return'!E39 | F39: =Probability!F39*'Expected Return'!F39 | G39: =Probability!G39*'Expected Return'!G39 | H39: =Probability!H39*'Expected Return'!H39 | I39: =Probability!I39*'Expected Return'!I39 | ... K39: =Probability!K39*'Expected Return'!K39
C41: Error
A42: No Dealer BJ | B42: =SUM(B4:K39) | C42: =0.040248-B42
A43: Winning Dealer BJ | B43: =B45*(1-B45)*-1
A44: TOTAL | B44: =B42+B43 | C44: =B44+C42
A45: Dealer BJ | B45: =2*(4/13)*(1/13)
